,microGridType,OptMethod,Size,Iteration,PowerLossDev,FreqDev,DVmin,DVmax,DP,DQ,Imax,PowerLossMean,ObjFunc
0,mg1,GA,100,0,4.7536697782899726e-05,0.00036048859107971583,1.0998760846621202e-05,1.3823256506746942e-05,0.061537862435584983,0.005246576552531876,0.6462072018464711,0.006806320008203442,0.7134244881408038
1,mg1,GA,100,1,3.8331797624708005e-06,0.000315811919818773,1.3512828684538543e-05,5.884733721063569e-06,0.10944814334936832,0.0012043110689531767,0.6066715758274279,0.00187435013613247,0.7176630729077362
2,mg1,GA,100,2,9.443450442379829e-05,0.0002357694232467472,4.753855816233559e-06,2.163342417277982e-05,0.07710164379915667,0.004807691505183821,0.6977263009226035,0.009609697877152023,0.7799922274346035
3,mg1,GA,100,3,0.00011954458379783549,0.0005249118608090802,4.0106254396008875e-06,2.3696800258854424e-05,0.10115483826077439,0.004152598084048262,0.6510981165468654,0.0107971712975097,0.7570777167619934
4,mg1,GA,100,4,0.0001753095461659382,7.858889703932668e-16,1.7377623276150356e-06,2.6977347869606882e-05,0.07858889706985048,0.03343439018242577,0.5556926776479755,0.013046070201707888,0.6679199895566157
5,mg1,GA,100,5,2.114307965204854e-06,0.00010057635398891962,1.1989587941698141e-05,5.939340181903039e-06,0.09730872540967955,0.0032974261690510583,0.5506228159341188,0.0012630553966100134,0.6513495871029271
6,mg1,GA,100,6,2.672475705266845e-05,0.00026783568652864677,8.250425136234607e-06,1.1243140153425643e-05,0.07799384783097418,0.001170116593010715,0.5835550934793234,0.005079349173396954,0.6630331119121793
7,mg1,GA,100,7,6.130798089810339e-06,0.0002257466806156816,1.4442878644163171e-05,7.92448431509113e-06,0.08052701800596923,0.0011038667030409976,0.6219137867605841,0.002413574098338793,0.703798916311259
8,mg1,GA,100,8,3.758491268059694e-05,0.0004592775762718043,1.0244785287662353e-05,1.2389716720386153e-05,0.06913139481573094,0.008896390531444812,0.656243985779653,0.006019682787114357,0.7347912681177892
9,mg1,GA,100,9,4.351532520390713e-05,0.0004132918550438962,5.0722913476267465e-06,1.3731820737221539e-05,0.0834075028937262,0.004500647081747174,0.5665721053834812,0.006480094449325738,0.6549558666512872
10,mg1,GA,200,0,0.00010677192586427958,7.09646623594596e-05,3.1555598347096884e-06,2.14579843509376e-05,0.07748341990928578,0.00709602086968513,0.5695246585656027,0.010207452614937971,0.6543064494769831
11,mg1,GA,200,1,5.979309966158566e-06,0.0003144909741817953,1.3523708792826675e-05,6.743634277786555e-06,0.0923223837652861,0.0012474496004183705,0.5949020970554662,0.0023660942884777426,0.6888126680483891
12,mg1,GA,200,2,0.0001349341541742331,0.00019850541490892687,2.810576557050047e-06,2.5837251635346512e-05,0.09703083797565619,0.009299310157640364,0.6693553159678589,0.011529517131793829,0.776047551498431
13,mg1,GA,200,3,5.22383936233151e-05,0.0003453209142980742,6.932021923779396e-06,1.528441226579366e-05,0.06471830812603842,0.0021880840328860713,0.6000574686309524,0.007136922290956031,0.6673836365319878
14,mg1,GA,200,4,6.12884878663626e-05,0.000279827739314939,8.440603094627012e-06,1.6569352974266067e-05,0.08778252413635936,0.0036643442337065102,0.6461605028095355,0.0077527438330056535,0.7379734973628516
15,mg1,GA,200,5,1.1316179083087736e-06,0.0005245951320168492,2.0586245198235775e-05,4.824867631634203e-06,0.05999160704712175,0.017389501088649662,0.6213605165132331,0.0008656000729693247,0.6992927625117595
16,mg1,GA,200,6,3.109208056641265e-05,0.000460928369977481,1.1733981355052789e-05,1.2168916613098043e-05,0.08574784589218527,0.0021360756822258126,0.6455849553595225,0.0055132504775005356,0.7339848002824456
17,mg1,GA,200,7,1.3371174217716269e-05,0.0002441741558101625,1.214729029553651e-05,9.118145850065745e-06,0.0650108936021951,0.0011126388284418453,0.582777581364535,0.0035809893008188843,0.6491799245613454
18,mg1,GA,200,8,2.6649226455732633e-05,0.00037085730074773866,1.076425040498951e-05,1.06217291790892e-05,0.07308317769630335,0.005643640358951104,0.6188744800319635,0.005057450137984173,0.6980201905940056
19,mg1,GA,200,9,3.306244875188251e-05,0.0003599129363498215,1.0465833268305326e-05,1.174500802247122e-05,0.061614482352944096,0.006237641127240007,0.6577940241706753,0.00565399262420409,0.7260613338772519
20,mg1,GA,500,0,0.00010749414515917472,6.680673432656437e-05,3.017953901354435e-06,2.158681953167204e-05,0.07790334588298806,0.007254046170971204,0.5673504290680111,0.01026067298245462,0.6527067267748892
21,mg1,GA,500,1,5.5615510847893354e-05,0.000367950923973229,1.0095346390942303e-05,1.4718499517565244e-05,0.07556288723204294,0.004369149247937844,0.6562278363985437,0.00741296533088978,0.736608253159254
22,mg1,GA,500,2,9.948959517710788e-05,0.00020253624869397317,3.964203917845606e-06,2.197069985004252e-05,0.10566413393852817,0.006350192857303557,0.6625874407973982,0.009908440887538717,0.7749297283408688
23,mg1,GA,500,3,4.8427565293076254e-05,0.0003087333383487348,7.26609015832437e-06,1.4245222420909935e-05,0.06893131940725124,0.0014706559324976706,0.6031296294416781,0.006888754402381419,0.673910276997648
24,mg1,GA,500,4,0.0001719570141770011,0.0005225260245466147,2.206626518480789e-06,2.9027662848180053e-05,0.08508009637626077,0.008707679870256441,0.6831791306053349,0.013025653167314463,0.7776926241799423
25,mg1,GA,500,5,2.5435229947425955e-05,0.0005869419229176795,9.669816974663386e-06,9.444121747034283e-06,0.09706321432762788,0.021943924579376602,0.6398706547050291,0.004968388857659509,0.7595092847036204
26,mg1,GA,500,6,4.119292490655767e-05,0.00042495150573758816,1.1414441716901753e-05,1.3081948387232944e-05,0.062471266423957034,0.002492369307570985,0.684176426613421,0.006370489852150197,0.7496307031656974
27,mg1,GA,500,7,9.005855594754746e-06,0.00023563914360201596,1.5155269956188822e-05,7.913944994204425e-06,0.06740700077395129,0.0018007216871936994,0.601681862098134,0.0029273735383159205,0.6711572987734262
28,mg1,GA,500,8,2.3478990736524956e-05,0.0004842056983026298,1.0883269769171619e-05,1.0470688834253419e-05,0.06707604348644017,0.004460028055039175,0.6128838703874824,0.004767849082291575,0.6849489805766042
29,mg1,GA,500,9,3.3450302261682893e-05,0.00038032068428894557,7.183265300768592e-06,1.2473175305054235e-05,0.0917230594256235,0.002107914023045333,0.6183868741789437,0.00569907944180593,0.712651275054769
30,mg1,GA,1000,0,0.00011384321600753812,3.3926351390209465e-05,1.5018024638404463e-06,2.2985071405983293e-05,0.12376773024828061,0.008284055361104976,0.5846185006986299,0.010546616696912398,0.716842542749283
31,mg1,GA,1000,1,2.0535725318280774e-05,0.000295465336905991,1.5444186309397248e-05,1.0737234680322646e-05,0.09204643644033737,0.002492085463961115,0.6821161841519288,0.0044702219220430165,0.7769968885394412
32,mg1,GA,1000,2,8.333019487148332e-05,1.442858907779083e-15,3.17901552077453e-09,1.7768210504460796e-05,0.14428589174091278,0.012632850703877268,0.4023210060035345,0.008886792315234364,0.5593408500327174
33,mg1,GA,1000,3,1.5560269500051846e-05,0.0001559055929888664,8.728373319639352e-06,9.740151556797612e-06,0.11842407554998398,0.001423411587778426,0.625938801962208,0.0038673739810384787,0.7459762234873357
34,mg1,GA,1000,4,8.649958899619516e-05,1.4323744759362925e-15,2.745376958231625e-09,1.841788816861928e-05,0.14323744848520945,0.004255321186007173,0.402816644024057,0.009079526919901448,0.5504143339178167
35,mg1,GA,1000,5,9.107913661035346e-06,0.0005678832218966487,1.5884304421238762e-05,8.2161018850064e-06,0.06829783543293881,0.005282990736081198,0.6434891815297898,0.0029444313542860367,0.7176710992406738
36,mg1,GA,1000,6,6.887841305399556e-05,0.0003713852947148739,6.627014462118493e-06,1.5836985608386117e-05,0.08598304236355452,0.0015079558572060018,0.6907290579303331,0.008244250991945798,0.7786827838589331
37,mg1,GA,1000,7,1.8174747940789875e-05,0.00021452786060986555,1.1952916225590741e-05,9.714398581999268e-06,0.06615300213457098,0.0013790963294226146,0.5907408412053731,0.004205127189400382,0.6585273095927249
38,mg1,GA,1000,8,2.5947264867261456e-05,0.0005413315407375133,1.014018376774958e-05,1.0789541911189873e-05,0.07142545963846063,0.0039503228463495495,0.5920423692831005,0.004984226294887573,0.6680063602991944
39,mg1,GA,1000,9,3.994600005884293e-05,0.0003996544786058221,9.11309362691335e-06,1.317487340571822e-05,0.06309616412546402,0.004969650027396735,0.6062767679915513,0.00623648990420938,0.6748044705901093
40,mg1,PSO,100,0,0.00011957773676180088,3.307405119410355e-05,1.5410687881046018e-06,2.3721656342731448e-05,0.12065842858631042,0.008632822831109867,0.595413280551056,0.010776672340827362,0.724882446481563
41,mg1,PSO,100,1,5.790236017552204e-05,0.00026382288047644396,1.9036293284928084e-05,1.6129874946625182e-05,0.1609284573013434,0.0021889899207296133,0.7836573304721661,0.007528430448801761,0.9471316691031226
42,mg1,PSO,100,2,0.00033642075762218334,0.00017948735326639182,1.3093507521026707e-07,4.459166108636499e-05,0.11823773981716745,0.03433881503885362,0.6911341138718919,0.018203565305307295,0.8442712994349632
43,mg1,PSO,100,3,0.00011923296358608523,0.0005203175489113731,3.995607303261496e-06,2.365785336228273e-05,0.1002694765236059,0.004088696540495651,0.6522655315883898,0.010784380475192933,0.7572909086256544
44,mg1,PSO,100,4,0.0002566881834051552,0.0006441868083160145,9.459285291631482e-07,3.5296502135756886e-05,0.0956060694262507,0.08661916996423939,0.7247687235834596,0.01585707555407893,0.9079310803963357
45,mg1,PSO,100,5,0.00010005619903959186,0.0007698137797008511,4.836243212901086e-06,1.646647468710048e-05,0.08475557570327084,0.11094147750061378,0.6517213201230365,0.009883240827662615,0.8483095460235616
46,mg1,PSO,100,6,7.210860612157392e-05,0.0003600324794347348,6.768943430448249e-06,1.6284063967028213e-05,0.08335464104796395,0.0015773806036507674,0.7003215609645317,0.008407782731238274,0.7857087767091002
47,mg1,PSO,100,7,6.031487330373498e-06,0.00023335547997579238,1.4286479526536695e-05,7.855107298190346e-06,0.08324118381967455,0.0011012662583350745,0.6178212733857044,0.00239419723208548,0.7024252520178449
48,mg1,PSO,100,8,3.527261697282827e-05,0.0004728896150090186,9.925029906746217e-06,1.209250971715129e-05,0.07118030656933348,0.008483208252877801,0.6528227314569486,0.005822071513476876,0.7330164260507657
49,mg1,PSO,100,9,6.42476033755385e-05,0.0004189825421771119,3.095184750294692e-06,1.5259052915314177e-05,0.12467081608053704,0.003866567070589345,0.662152970525956,0.00790850506877093,0.7911919380603006
50,mg1,PSO,200,0,0.00011530636504909659,3.364320279569532e-05,1.4742614854860785e-06,2.3207807971841515e-05,0.12273476745005311,0.008244567594020149,0.5891089872018527,0.01059563971868707,0.7202619538832281
51,mg1,PSO,200,1,5.7504423702802604e-05,0.00026172267326874386,1.8667531261826085e-05,1.6075719878470136e-05,0.1596473587655062,0.00214658584877954,0.7804860978018454,0.0075195826590652,0.942634012764243
52,mg1,PSO,200,2,0.00033299122101780826,0.00017642134061454344,1.27155931471475e-07,4.417522240389589e-05,0.11621799636665449,0.033347703087927096,0.6875248727422825,0.018149193630124984,0.8376442871368317
53,mg1,PSO,200,3,0.00011736131955514796,0.000519894124333834,3.906102787239192e-06,2.3422473698338737e-05,0.10018787912054525,0.004004610267839325,0.6477227907050441,0.010734364415716175,0.7525798641138033
54,mg1,PSO,200,4,0.0002505268069848106,0.0006443244809198128,8.671815029737292e-07,3.4674328321411664e-05,0.09562650190973304,0.08492266335929412,0.719029183369771,0.01570174487182269,0.900508741436527
55,mg1,PSO,200,5,0.00010174331366913886,0.0007610105770895721,4.662112711514739e-06,1.657215301318718e-05,0.08378635363302583,0.11235753490228548,0.6504549539320893,0.01000136269453225,0.847482830623884
56,mg1,PSO,200,6,6.950343624209146e-05,0.0003703191901337682,6.6633220217094735e-06,1.590998398638787e-05,0.08573621806363002,0.0015132748612168591,0.6954108590566679,0.008272233639957782,0.7831227479138987
57,mg1,PSO,200,7,6.403906529205325e-06,0.00022097788835245613,1.4477621429931418e-05,7.944669924025688e-06,0.07882592269242646,0.001122696917906852,0.6233891815375876,0.002475282332927491,0.7035876052341565
58,mg1,PSO,200,8,3.677025257799581e-05,0.00046186539687044487,1.0183177302825839e-05,1.2244261904396882e-05,0.06952091883510564,0.008744673358235366,0.6518649681426927,0.005975709622203535,0.7306516234246894
59,mg1,PSO,200,9,6.758366438007707e-05,0.00040771217686799753,3.001097283555809e-06,1.566021901998442e-05,0.1213172500026643,0.004106209291986693,0.6622637003266104,0.008127736496360595,0.788181116778813
60,mg1,PSO,500,0,0.00011360606488803511,3.386928341494233e-05,1.4953561243345043e-06,2.294859513156738e-05,0.12355953887257337,0.008262067909445591,0.5848330936857614,0.010526801831830917,0.7168266197673392
61,mg1,PSO,500,1,5.7501719991382904e-05,0.0002578426470026012,1.8648798565523798e-05,1.6027645500113546e-05,0.15728059421427326,0.0021444317695310366,0.7793584557941442,0.007533540863215675,0.9391335025890081
62,mg1,PSO,500,2,0.00032826961311550754,0.00018051319968233462,1.2764822796362564e-07,4.3784724730526954e-05,0.11891351869162105,0.03346638455299954,0.6831113273330717,0.01804434778284012,0.8360439257634485
63,mg1,PSO,500,3,0.0001188295978774377,0.0005117580070305156,3.940026230976921e-06,2.352910204197194e-05,0.09861998231479688,0.004060108565155473,0.6482245861350869,0.010809068391935047,0.7515627337482201
64,mg1,PSO,500,4,0.0002537442152855441,0.0006382213364403956,8.437148599214686e-07,3.489318795128074e-05,0.09472071239780226,0.08593115553454438,0.7188003884891826,0.015825804282112214,0.9003799588760664
65,mg1,PSO,500,5,0.00010053811405440598,0.0007514087937564517,4.973523668513155e-06,1.6394658716019562e-05,0.08272920878089937,0.11034316831069696,0.6493417864876403,0.009944717887860265,0.843287478669432
66,mg1,PSO,500,6,6.923807588838473e-05,0.0003671268417006927,6.665519282824668e-06,1.5919069828867238e-05,0.08499712625124087,0.001541686875269582,0.6928776956153315,0.008265850311249472,0.7798754582485428
67,mg1,PSO,500,7,6.293743490666667e-06,0.00022348296208112147,1.4401660161386545e-05,7.873258652600136e-06,0.07971951774640626,0.0011110044501914593,0.6183394757060954,0.0024514369670636618,0.6994220495270789
68,mg1,PSO,500,8,3.59095103842294e-05,0.0004588097946518635,9.9748122462676e-06,1.2153190468835415e-05,0.06906098337495169,0.008563938543209424,0.6505143306114491,0.005899829836836467,0.7286560998373613
69,mg1,PSO,500,9,6.775737023540253e-05,0.00040330254344713584,3.0075035621820723e-06,1.56572615644506e-05,0.12000513662839205,0.004067924758210575,0.6615819249564238,0.008149026452115578,0.7861447110218356
70,mg1,PSO,1000,0,0.0001140700045971581,3.389058706702764e-05,1.5110893548677755e-06,2.300942950730772e-05,0.12363725735854232,0.008329992400824061,0.5844474177435809,0.010556474539983755,0.7165871486134736
71,mg1,PSO,1000,1,5.792952808887797e-05,0.0002567391355940473,1.8791145656007807e-05,1.6048608340714608e-05,0.1566074668938789,0.002160800310483951,0.7789425692901923,0.007564121790981774,0.9380603449122349
72,mg1,PSO,1000,2,0.00033088493831756296,0.0001765197865746455,1.272835517520147e-07,4.390212849485164e-05,0.11628284788730904,0.03337546921753301,0.6860130901565187,0.018131054827935138,0.8362228413982995
73,mg1,PSO,1000,3,0.00011784708739059801,0.0005127106823007646,3.919944419353534e-06,2.3410248110761497e-05,0.09880357068471964,0.0040557248218628435,0.6467872437027753,0.010779760425621376,0.7503044271715792
74,mg1,PSO,1000,4,0.0002329792115280529,0.00031808437443243905,1.9352162500377963e-06,3.5894513414618835e-05,0.12889760891926003,0.011970326804906624,0.7587915563432267,0.015213187484172108,0.9002483853830185
75,mg1,PSO,1000,5,0.00010018967696017002,0.0007586603507607612,4.864460199350168e-06,1.6361691342304867e-05,0.08352759652716321,0.11032384670090516,0.6479232283057471,0.009927776004647665,0.842654747713078
76,mg1,PSO,1000,6,6.846222659562e-05,0.0003726278206699907,6.606039307896372e-06,1.5782309205075124e-05,0.08627071170145453,0.0015124158273613917,0.6905315904834985,0.008216185438315713,0.778778196408093
77,mg1,PSO,1000,7,6.2771694584767616e-06,0.0002243678098531413,1.4339114690521387e-05,7.844349810332871e-06,0.08003515539954059,0.0011099499582635998,0.6164889462048864,0.0024479097564712752,0.697886880006503
78,mg1,PSO,1000,8,3.6778864288685155e-05,0.00045753186300317864,1.004750010603244e-05,1.221897884611299e-05,0.06886862650428671,0.008710157314059575,0.6508446157464195,0.005984221148872447,0.7289399767710097
79,mg1,PSO,1000,9,6.688922539613211e-05,0.00040452867860364916,2.9873189330404582e-06,1.553770780921547e-05,0.12036998063787234,0.004017492912983639,0.6599494540306147,0.008099538160998477,0.7848268705122127
80,mg1,BO_EI,100,0,5.360062119693271e-05,7.594048972782766e-05,3.1119286800242074e-06,1.5699663506766196e-05,0.11818396337799845,0.002473791720384641,0.5346288736829607,0.0071447378973795985,0.6554349814844553
81,mg1,BO_EI,100,1,0.00018006130592605608,0.000691823346777555,9.052394902898775e-07,3.08420667431182e-05,0.09254154176714142,0.022352026947337865,0.6980992734232097,0.013266320504934852,0.813896474096626
82,mg1,BO_EI,100,2,2.9488845874990917e-06,1.4426573639359978e-15,3.822461972197345e-06,5.919958491503791e-06,0.14426573697022074,0.00026351313695221237,0.4087657457040105,0.001545092018342522,0.5533076871162361
83,mg1,BO_EI,100,3,2.712177364423514e-06,1.4529480897496964e-15,3.751329622172462e-06,5.82196432081567e-06,0.14529480966611258,0.00025877035184909903,0.4065922810332694,0.0014862367462082026,0.5521581465225399
84,mg1,BO_EI,100,4,3.409229686263738e-06,5.339505487797141e-16,1.8582256564691736e-05,6.393519407902461e-06,0.05339505494774128,0.007925932821939779,0.621837889274679,0.0017666052273543164,0.6831872620500195
85,mg1,BO_EI,100,5,5.010257921801202e-07,5.26862840792945e-16,2.529197683169923e-05,3.662968837445786e-06,0.05268628403217997,0.005714181157341672,0.6241851894183074,-0.0006192152398534057,0.6826151105792909
86,mg1,BO_EI,100,6,2.2354343727901424e-05,8.432431789971561e-16,8.402308336807782e-06,1.0671828304951905e-05,0.08432431791053759,0.0007490624798472883,0.5273889734311156,0.004634179866179049,0.6125037823018709
87,mg1,BO_EI,100,7,3.6915848929638902e-06,0.00032200230107599475,1.01434145068835e-05,6.575743402770144e-06,0.08997002642709817,0.0014021291539465096,0.529500310153178,0.001814902489763346,0.6212148787781013
88,mg1,BO_EI,100,8,3.718372736472269e-05,0.0004651098312840623,1.0114588419098552e-05,1.2323389816188825e-05,0.07000927770129833,0.008841171503244325,0.6512759201787695,0.005989424918380642,0.7306511009201961
89,mg1,BO_EI,100,9,6.780388212148954e-05,0.0011633463733225274,7.5970137163295005e-06,1.687978313089806e-05,0.051704283298118985,0.0037416577230245346,0.623430249408291,0.00815123644741243,0.6801318174817257
90,mg1,BO_EI,200,0,0.00011461094029030493,3.4204299367430706e-05,1.5676848972238318e-06,2.3068393481862632e-05,0.12478172052008873,0.008484541118334972,0.5869367871292227,0.01055998067157866,0.7203765000856832
91,mg1,BO_EI,200,1,4.32527587779858e-05,0.0005550102437953793,6.491414285785107e-06,1.403841684140421e-05,0.08490311182340325,0.01973307654369361,0.6075177358926999,0.006447635014579202,0.7127727170934973
92,mg1,BO_EI,200,2,3.082961765087472e-06,0.00036427664693455743,1.3844393372349822e-05,6.414647513902085e-06,0.08964818376590591,0.0016813551280235551,0.6101325969216422,0.0016740625719586233,0.7018497544651576
93,mg1,BO_EI,200,3,1.8303897675689007e-06,1.4598053297814447e-15,4.041814300098874e-06,5.438238587254437e-06,0.14598053374759917,0.00028348176395460366,0.4024948408287718,0.0011827785277701674,0.548770166782982
94,mg1,BO_EI,200,4,6.091243880414648e-07,8.139510046099781e-16,2.240494877382701e-05,3.5730370315127587e-06,0.08139510058947914,0.0021484041847638787,0.5331322814845891,-0.0006826364471772683,0.6167023733690263
95,mg1,BO_EI,200,5,9.505407750333202e-08,0.0008061562285550938,1.843767761983326e-05,4.6371104316428034e-06,0.11681070412901651,0.0011176254861225777,0.6726187221070651,7.654490948968418e-06,0.7913763777928883
96,mg1,BO_EI,200,6,5.75106937969865e-07,5.259130946828156e-16,2.509348826153915e-05,3.6715068021242193e-06,0.05259130947271584,0.0031590697959182302,0.6189405168479887,-0.0006698841015401835,0.6747202362186249
97,mg1,BO_EI,200,7,5.989782421960753e-06,0.0002270028836225297,1.4313493190890603e-05,7.827926894224132e-06,0.08097512329763926,0.0010914337014536197,0.6167792015342566,0.002379419862242154,0.699100892619479
98,mg1,BO_EI,200,8,2.0686391700518763e-05,0.0004759727556725306,1.1306869643074595e-05,1.0533740868795643e-05,0.07964353086750593,0.0009514400076988917,0.6188732673187088,0.004474974326448709,0.6999867379517986
99,mg1,BO_EI,200,9,6.279351538429244e-06,0.0004381437844333942,1.0000853208295442e-05,6.436515107574943e-06,0.12854185088790493,0.0007921945131888843,0.5988784680489037,0.0024204832640601437,0.7286733739542852
100,mg1,BO_EI,500,0,3.914540081430057e-05,0.000815058927773342,9.524243163383088e-06,1.35184539277149e-05,0.06732881846716471,0.0012760548169754673,0.6264711362960571,0.006190018361568213,0.695953256605876
101,mg1,BO_EI,500,1,5.7031599931104296e-05,0.0002580728796353713,1.8571874295597497e-05,1.5987800479483484e-05,0.1574210330660179,0.002135586221225465,0.7793356709377364,0.007500604560161108,0.9392419543793213
102,mg1,BO_EI,500,2,2.34070628098262e-05,0.0008241484876077451,1.0713633793472588e-05,1.0392665523270482e-05,0.06674994966239622,0.004365245044121898,0.601096509072841,0.004765344045486991,0.6730803656290935
103,mg1,BO_EI,500,3,0.0001339884175337866,0.0006666681990486657,3.0622675588254897e-06,2.3484056641257156e-05,0.0645564922353113,0.012451503659702205,0.6366435973209442,0.01142947488851101,0.7144787961567403
104,mg1,BO_EI,500,4,0.00015331482766813337,7.971328929888334e-16,9.959165582318117e-07,2.4412874970465255e-05,0.07971328927836266,0.10437300067182685,0.5892763461975412,0.01229725522485665,0.7735413597669283
105,mg1,BO_EI,500,5,6.952815612787119e-07,0.0004937499973999286,2.3469776720870793e-05,3.1020041507300523e-06,0.08354657531005912,0.011461207107047896,0.7241655201888899,-0.0007431813823565712,0.8196943196658297
106,mg1,BO_EI,500,6,4.577561952922927e-06,0.00034239478961519033,2.5131692305840866e-05,2.5556325479188166e-06,0.08211202095935674,0.008772740857666227,0.6072304407860426,-0.0020835618538276183,0.6984898622794875
107,mg1,BO_EI,500,7,6.170855351436933e-06,0.00022695604283480507,1.4204132162077326e-05,7.819927137268579e-06,0.08095841452943243,0.001094431685015575,0.6153304587195784,0.002420805897686953,0.697638455891512
108,mg1,BO_EI,500,8,2.634869780138278e-05,0.0011111929699085129,1.2911651064928128e-05,1.090679438297126e-05,0.062480978014906915,0.005627919858643732,0.6260951732469989,0.00505380624140103,0.6953654312337074
109,mg1,BO_EI,500,9,1.25243339359007e-05,0.0004254068566651058,2.6393239072034138e-05,1.4174128876502499e-06,0.07627854511982789,0.021422236874489714,0.6081856022407476,-0.0035047549565871065,0.7063521260776259
110,mg1,BO_EI,1000,0,0.0002664886691517767,8.001274284320069e-16,1.0688344800267955e-16,3.7202184990153574e-05,0.08001274283955712,0.010688344790130786,0.5304360368783743,0.016234094037851983,0.621440815362205
111,mg1,BO_EI,1000,1,4.5484485184021405e-05,1.4478895186265987e-15,8.710760534529939e-07,1.2993027118657682e-05,0.14478895324221827,0.0017955482765245388,0.40082000810793766,0.006085422012009531,0.547463858215038
112,mg1,BO_EI,1000,2,2.420874249877879e-07,0.000765145242554253,1.8235276041943465e-05,3.883405021575879e-06,0.07525772276338717,0.005215883067053943,0.5887563299077025,-0.0002919973801224982,0.6700174417491864
113,mg1,BO_EI,1000,3,1.1810891021429205e-05,0.0007380590721210874,1.255662540676906e-05,8.598024187000138e-06,0.07297820369938947,0.004384491294830328,0.6020332383753747,0.003392714305505206,0.6801669579823307
114,mg1,BO_EI,1000,4,6.075037580659089e-07,0.0011766847325955607,2.481914020167498e-05,3.659487932832546e-06,0.05229709928638443,0.0031201912144171663,0.6157346745809462,-0.0006897186515928879,0.6723577359462359
115,mg1,BO_EI,1000,5,6.448248909755914e-05,8.382026826636773e-16,4.226785700682178e-05,1.1418797392634441e-16,0.08382026825498472,0.011418797396472412,0.5316074817508408,-0.008009306614934918,0.6269532977484032
116,mg1,BO_EI,1000,6,4.49809989428007e-06,0.0011311202532885522,1.8776935664146786e-05,6.456098223477611e-06,0.0605116872143989,0.018397779182453965,0.6331977185617655,0.002054512105967351,0.7132680363456889
117,mg1,BO_EI,1000,7,6.224669181497768e-06,0.00022488046366754192,1.432082565952286e-05,7.83595843602439e-06,0.08021802622995197,0.001107426330437624,0.61669351062012,0.0024347699201683524,0.6982722250974542
118,mg1,BO_EI,1000,8,6.522749607212394e-07,1.4606263331278523e-15,4.493335637681213e-06,4.802346336407628e-06,0.1460626343651371,0.00032052349553876586,0.3997683037758419,0.0006944323012784849,0.546161409593454
119,mg1,BO_EI,1000,9,2.0386223738663387e-05,0.0003661141206770598,1.075261545202894e-05,1.0315374049495374e-05,0.06984604125953804,0.00151382427406867,0.5879381423715183,0.004444573595812524,0.6597055762390422
120,mg1,BO_LCB,100,0,2.8082834673002623e-05,0.000190594875460309,4.023626931256115e-06,1.0820169544048315e-05,0.12780519592994785,0.0026556574296765544,0.5539953144072607,0.0050825141041310066,0.6846896892734937
121,mg1,BO_LCB,100,1,1.8790337474838332e-05,1.4889293643162505e-15,1.1086333920006771e-05,8.381209134031908e-07,0.14889293705929013,0.006168557955848495,0.40287306310310134,-0.00430372591366662,0.5579652729105498
122,mg1,BO_LCB,100,2,1.3791187604209308e-05,0.0009162660766980923,1.5604680341023595e-05,8.806560914377081e-06,0.05665623741416881,0.0011483846086700826,0.630100358079517,0.0036493303510515295,0.6888594486079136
123,mg1,BO_LCB,100,3,0.0001241812801297032,0.0005044359424861105,4.1229724475120245e-06,2.4178577018760312e-05,0.09720896017939544,0.004275815402325384,0.6575833177320161,0.011026148720998987,0.759725012085819
124,mg1,BO_LCB,100,4,0.0002674253892788159,7.828092090021906e-16,2.255942222711679e-16,3.6876003938780783e-05,0.07828092085354348,0.022559422190603688,0.5436326222436427,0.016181577835893624,0.6447772666810084
125,mg1,BO_LCB,100,5,2.880184211881913e-07,0.0005714922800112806,1.5879181523032694e-05,3.6234986129336164e-06,0.10692353407550553,0.005657039883222273,0.6390955704081779,-0.0003494566929619314,0.7522674273454741
126,mg1,BO_LCB,100,6,6.704057289164723e-05,0.00038419714666983716,6.644158644995609e-06,1.5757716016179556e-05,0.08894923953147264,0.0015146419600785787,0.6935472843759536,0.008094313903849943,0.7844848054617275
127,mg1,BO_LCB,100,7,6.2497497314570155e-06,0.00022136365426502776,1.446294077270366e-05,7.934127906480655e-06,0.07896353082245505,0.001113271027403786,0.6245182265405317,0.0024262816536775376,0.7048450388630663
128,mg1,BO_LCB,100,8,0.00022811195110910011,7.902023076551742e-16,1.2960081418160123e-07,3.321083358779246e-05,0.07902023076762411,0.04120503620881911,0.5409377209145475,0.014949733219500444,0.6614244402765026
129,mg1,BO_LCB,100,9,6.80014311627502e-05,0.0004093238791951781,3.1422184471620656e-06,1.5739625560266e-05,0.12179682188022073,0.004107629492039576,0.6657324843455169,0.008150334674955446,0.7921331428721426
130,mg1,BO_LCB,200,0,0.00011135963421777156,3.4202122311737184e-05,1.4812745507890825e-06,2.2746357891501095e-05,0.12477377833855585,0.00822341760971399,0.5860442218091485,0.010403609419056296,0.7192112071463902
131,mg1,BO_LCB,200,1,0.00035864568961849755,4.88755585492468e-16,1.1121602143979384e-07,4.5341005266412616e-05,0.0488755585483449,0.010987620487239558,0.6265410070399812,0.018747915387215184,0.6868082839864724
132,mg1,BO_LCB,200,2,9.976494207002047e-05,0.0003690176552738444,4.994555552388456e-06,2.096662853236754e-05,0.06309267174931436,0.0037966231154583354,0.6270422392646059,0.009914112491120258,0.6944262779108072
133,mg1,BO_LCB,200,3,9.519549232793971e-08,1.4502247801245318e-15,5.649284394823872e-06,3.7551665714380016e-06,0.14502247872198643,0.04073956036918879,0.4410397253583289,-0.00013739152249210297,0.6268112640959641
134,mg1,BO_LCB,200,4,0.00025377397039761236,0.0006453585617107616,9.2643286630458e-07,3.502553919723136e-05,0.0957799735405538,0.08566733472285741,0.7212115231403509,0.01581490788931082,0.9035939159079339
135,mg1,BO_LCB,200,5,3.396899954613843e-05,0.0008435604986824617,9.567565082123963e-06,1.3351815540947006e-05,0.12846105091125123,0.003609853718358376,0.6689186098287332,0.005759544467097959,0.8018899633371944
136,mg1,BO_LCB,200,6,6.905428518488721e-05,0.0003709328684840322,6.622744954046155e-06,1.5881550734623954e-05,0.08587829674132945,0.0015280176186971048,0.6941503714747873,0.008235014198969728,0.7820191772841715
137,mg1,BO_LCB,200,7,7.594140567675106e-08,1.4741336033036833e-15,5.280593420694091e-06,3.944101748897236e-06,0.14741336131689856,0.004734305310826513,0.4013790532206336,-2.2862233806638654e-05,0.5535360204849354
138,mg1,BO_LCB,200,8,1.5035335805406434e-05,8.125720647599656e-16,1.0110312817757735e-05,9.315138076729615e-06,0.08125720646431246,0.0004622800823771481,0.5329258579161341,0.0037965640934147804,0.6146798052495244
139,mg1,BO_LCB,200,9,0.0002738293917589039,0.0007951045845043911,1.3648537037488907e-07,3.9191622903731415e-05,0.0772237951654619,0.021065064997713667,0.6594091370551033,0.01641545026512711,0.7588062593028163
140,mg1,BO_LCB,500,0,0.00011322742077117888,3.4217513207790786e-05,1.5080767519400544e-06,2.292547247917023e-05,0.12482992632361882,0.008299409069421249,0.5844251821458366,0.01051022486906584,0.7177263960220868
141,mg1,BO_LCB,500,1,8.241612436091256e-05,0.0004425352675955225,3.277676482313518e-06,1.8691085964217066e-05,0.08539129590193671,0.0102203490727406,0.5775908300797434,0.008921018415351426,0.6737493952088237
142,mg1,BO_LCB,500,2,1.325459352174628e-05,0.0003375824098578902,9.586868987351316e-06,9.278760404177157e-06,0.13475759582805136,0.008182038085364336,0.6189407886862667,0.003548905845409387,0.7622501252324535
143,mg1,BO_LCB,500,3,0.00011602982643719625,0.0005164852155585167,3.923525767663976e-06,2.3224663815509048e-05,0.09953095432698177,0.003957062100743652,0.6470057353852448,0.010675095790152021,0.751153415044549
144,mg1,BO_LCB,500,4,1.123438691383109e-06,1.4679926154733228e-15,4.317200443865534e-06,4.904844157960295e-06,0.14679926248766365,0.0010380464900692852,0.39956222432397887,0.000782008842580193,0.5474098787850065
145,mg1,BO_LCB,500,5,1.7960694019211428e-05,0.00029677402965423396,8.775984916739234e-06,8.800778976427108e-06,0.11011837099485476,0.0027274942493447298,0.6629112078194328,0.0041246994316231,0.7760893845511989
146,mg1,BO_LCB,500,6,6.89065435227174e-05,0.000374007963441479,6.59479413386088e-06,1.5864983016727967e-05,0.08659024205461974,0.0015197033360772976,0.6902765932167803,0.008236338971330486,0.7788519128915921
147,mg1,BO_LCB,500,7,6.027386652550198e-06,0.00022527669790723981,1.4074772992532174e-05,7.80997053011467e-06,0.08035936855962748,0.0010788749962184858,0.6164131709837173,0.0023971171506052876,0.6981046033676457
148,mg1,BO_LCB,500,8,2.8220703807479574e-06,0.0003888963336376273,1.975471322591948e-05,5.643821983906181e-06,0.07005973947933614,0.0021967529808080894,0.6472167432752374,0.001599751578583969,0.7198903526746098
149,mg1,BO_LCB,500,9,1.0911542879528662e-05,0.0009060393877067897,1.983070177516507e-05,8.082711166531009e-06,0.11541780030070604,0.0023898436920090807,0.6597630976323029,0.0032354576606108522,0.7785156059685461
150,mg1,BO_LCB,1000,0,8.543203930657028e-05,1.4470714323062276e-15,3.005713355281114e-09,1.8252865518666216e-05,0.14470714418989752,0.003967412298516698,0.400932243702567,0.009005309716775272,0.5497104881015213
151,mg1,BO_LCB,1000,1,3.771318917213066e-05,0.0007708507672033123,9.68981067930316e-06,1.3423883040252683e-05,0.08594339640567726,0.0009582921994188969,0.6621899055564255,0.0060694463574893515,0.7499232718116167
152,mg1,BO_LCB,1000,2,1.611990486969946e-05,0.0005509420469634701,9.034762310620554e-06,1.0024899150891183e-05,0.12272347633400767,0.0006684835759312418,0.6054977686938031,0.0039434210056686365,0.7294758502170366
153,mg1,BO_LCB,1000,3,0.00011886402259299943,0.0005068624586753838,3.934068049022889e-06,2.3493970444399787e-05,0.0976765698315643,0.004059801581331878,0.6487483502018967,0.010827346076369513,0.7511378761345546
154,mg1,BO_LCB,1000,4,6.605312765811097e-05,5.272180660368578e-16,4.715710995879759e-05,1.4005417767853447e-16,0.05272180660474331,0.014005417755455619,0.6218539081429092,-0.008106389501676657,0.6886943427407257
155,mg1,BO_LCB,1000,5,0.00010108538893845462,0.0007514741086390814,4.747489756930482e-06,1.645325457809044e-05,0.08273639987134296,0.11122865875915118,0.6491942653435531,0.00998135401135256,0.8440330842159597
156,mg1,BO_LCB,1000,6,4.516111118318843e-06,1.46411627255574e-15,3.2147129099767853e-06,6.286384053713103e-06,0.14641162842568295,0.0003084638462507577,0.3990840301889067,0.0019286555255487229,0.5458181396689239
157,mg1,BO_LCB,1000,7,2.6121417542748265e-07,1.4555963666487241e-15,5.07049957044316e-06,4.0559748513503796e-06,0.14555963731449317,0.025391236524745387,0.41875052046621075,0.0003124493447263632,0.589710781994048
158,mg1,BO_LCB,1000,8,8.50556873294762e-05,0.0011573787818487666,6.455495799930217e-06,1.8988251335913994e-05,0.051439057013603254,0.001371219176078725,0.6153424041451057,0.009150298783576715,0.6694205585511018
159,mg1,BO_LCB,1000,9,6.659646136869384e-05,0.00040811400001108846,2.977958672398412e-06,1.5487595531871727e-05,0.12143681493471281,0.004030494749409365,0.6591075244429916,0.008081279107998565,0.7850680101426978
160,mg1,BO_PI,100,0,6.960063756162892e-05,0.0002495311025088797,6.184170232359017e-06,1.670614595082297e-05,0.07356119850814291,0.003404761923957158,0.615396901002138,0.008203930395511516,0.6927048834904916
161,mg1,BO_PI,100,1,6.124695410902851e-06,0.0005278553874633079,1.3568272364721315e-05,7.447120490638488e-06,0.07177634437708046,0.0013009931026614152,0.5864624439922828,0.002390895842491818,0.6600947769477542
162,mg1,BO_PI,100,2,9.099470229142814e-05,0.0001389136797941815,4.25867964936844e-06,1.907088968121983e-05,0.07434724700639121,0.01393797010394071,0.6086861288662988,0.00937063141917178,0.6972245839280469
163,mg1,BO_PI,100,3,5.5267494850194924e-05,0.0007389152928840438,6.584028666893992e-06,1.590815389373848e-05,0.06680161685957044,0.0018914922182520168,0.6061180063819849,0.007337636474493192,0.6756277904301022
164,mg1,BO_PI,100,4,7.282224480693436e-05,0.0010692610406254595,7.900378018898726e-06,1.6842754891550354e-05,0.05854607219633873,0.016893211734807363,0.6433910478302007,0.008430633107911787,0.7199971581796897
165,mg1,BO_PI,100,5,6.794765212468157e-07,0.0007129760081499394,2.2369007071733697e-05,4.569185323868395e-06,0.055278468303674604,0.015154099756808204,0.6317517011986038,0.0004941764418785999,0.7029248629361534
166,mg1,BO_PI,100,6,2.9557187107159714e-05,0.00037863194447671736,5.191397830792458e-06,1.1856356710035063e-05,0.08790741656409418,0.008373207498089766,0.5241677451365501,0.0052930847732443635,0.6208736060848588
167,mg1,BO_PI,100,7,1.483010138794682e-06,0.000217329599402903,1.5610290268768173e-05,5.7290327116986585e-06,0.07110384171913212,0.0017449169214155307,0.5723004903292567,0.0011083036723335794,0.6453894009023264
168,mg1,BO_PI,100,8,5.5406430333698124e-05,0.001184445459136871,8.603127396463567e-06,1.547553133483047e-05,0.052642020450644436,0.0012870929345068685,0.6181758297083171,0.007359943577509745,0.6733688736416702
169,mg1,BO_PI,100,9,7.456339311122921e-05,0.0003357954207893884,2.7127916959419016e-06,1.8356112914802188e-05,0.09551147341986758,0.002382714194818354,0.5631116600591743,0.008515965678866956,0.6614372753923716
170,mg1,BO_PI,200,0,1.370511750472507e-05,0.00038134676843057364,1.100577440866729e-05,8.957441854415746e-06,0.07320020172046902,0.0016937232633253722,0.5838533664790748,0.0036225140980458326,0.6591623065650677
171,mg1,BO_PI,200,1,5.267754178708914e-07,0.0012141528405880434,2.4470690528451877e-05,3.6942980993960505e-06,0.054409266063904865,0.00483907935609787,0.6153387467141311,-0.00063590415010231,0.6758299367387677
172,mg1,BO_PI,200,2,0.00014709040876853248,0.00020875917954167738,1.2779175043281728e-06,2.6428510414560185e-05,0.07547625476863519,0.009592866736925353,0.5813121184970924,0.01203164061854356,0.666764796018882
173,mg1,BO_PI,200,3,5.635852728353448e-06,0.00022069154882020672,1.0636343649355728e-05,7.4295626014686635e-06,0.08916075276415857,0.0015641979654213416,0.5464705580972692,0.002265634949266091,0.6374399021346484
174,mg1,BO_PI,200,4,2.949608670638709e-05,0.00027308405190210896,1.280900163665504e-05,1.2106155628283652e-05,0.08398303413898914,0.0019458573462294705,0.6804536432181354,0.005359437856665483,0.7667100299992274
175,mg1,BO_PI,200,5,1.1723027615541886e-06,0.0006660036273751155,2.4029414091688923e-05,4.944533495257238e-06,0.07877022663116884,0.009057457597241475,0.6278279590522866,0.0009220669183907004,0.7163517931584205
176,mg1,BO_PI,200,6,2.9178929114590133e-05,0.0004380212086945262,1.1600398974323904e-05,1.185754937339713e-05,0.05924836224742269,0.000618913265019759,0.6148454921871979,0.005341844234503257,0.6752034257857972
177,mg1,BO_PI,200,7,2.350148430015614e-05,0.0002486445807388973,8.949598561508291e-06,1.1125386177507676e-05,0.07862268421602189,0.0010014303622589078,0.5814700982956215,0.004774701916570936,0.6613864339236804
178,mg1,BO_PI,200,8,1.025311760531346e-05,0.00040160568488279775,1.1865876569733089e-05,8.284008612968393e-06,0.07681737146536706,0.004811664666977843,0.5844292660741898,0.0031129244642672314,0.6664903108942055
179,mg1,BO_PI,200,9,6.563954842800232e-05,0.001071134668694248,8.472547863056823e-06,1.6670050163824075e-05,0.05987552241995938,0.0009207699088986768,0.6247218167325254,0.00802024537214463,0.6866800258765325
180,mg1,BO_PI,500,0,6.574787525138643e-05,0.0001955463815834465,5.202333971580198e-06,1.6776085091490515e-05,0.07101792019234149,0.003278506351655193,0.5647497342265181,0.007996731672379413,0.6393294334464127
181,mg1,BO_PI,500,1,5.815973166776862e-05,0.0003513215666427041,9.933872676499685e-06,1.584485402384443e-05,0.08295003712466838,0.0009287501922496098,0.6237688995648758,0.0075643745627799195,0.7080829469068046
182,mg1,BO_PI,500,2,6.515165540041464e-07,0.00012492263882224542,1.1136559917132268e-05,5.462047614048313e-06,0.10540135383140027,0.0033665221794156345,0.5321771644243751,0.0007102600406315296,0.6410872131980985
183,mg1,BO_PI,500,3,7.59827464124562e-05,0.00040060619399065006,4.848568751661847e-06,1.858733646357907e-05,0.08921018618537434,0.0024231805061110793,0.6073128362662217,0.0086270345198556,0.6994462278033255
184,mg1,BO_PI,500,4,0.0001233050261156812,0.0005042457355987944,6.254389225496691e-06,2.3019900298506367e-05,0.07285599447864867,0.0037479275442277864,0.6992451662972179,0.011042715206663563,0.7765059133713328
185,mg1,BO_PI,500,5,3.4544264248251495e-05,0.0009883127434456808,1.222606621706956e-05,1.2377103669230418e-05,0.06445314770144626,0.004922414085255602,0.6416834205913545,0.005823919678022531,0.7121064425556367
186,mg1,BO_PI,500,6,3.351878797340219e-05,0.0010447694839285804,3.938408657584241e-05,2.0718593669126692e-07,0.0664082029199398,0.030423969954882772,0.6371077903584789,-0.00576066190239597,0.735057842777716
187,mg1,BO_PI,500,7,1.4966575617755015e-06,0.00036566952081831637,1.742672950179667e-05,5.471732413477937e-06,0.07034494524335465,0.0035721771566351117,0.5756836364783294,0.00112040516920913,0.6499908235186146
188,mg1,BO_PI,500,8,5.3444108008979695e-06,0.00034207829162597294,1.5253202291921305e-05,6.213466206502988e-06,0.08470539861641402,0.00634278486137655,0.6236054737998237,0.0021926390571117833,0.7150225466485395
189,mg1,BO_PI,500,9,7.13190852297633e-05,0.0005291346867526554,4.1970188036132835e-06,1.715457572481357e-05,0.07582060457125364,0.006671965209807998,0.5838968289307702,0.008380674257250774,0.6670112040783427
190,mg1,BO_PI,1000,0,0.00032306739792354423,5.067558357270695e-16,2.1130030812867518e-07,4.1462725814394505e-05,0.05067558357488811,0.025169182451226617,0.6199720197850377,0.01789181063168807,0.6961815272351989
191,mg1,BO_PI,1000,1,7.681604147133058e-07,1.4657373553835534e-15,4.562394608452925e-06,4.593889515675366e-06,0.14657373659289274,0.0014186729659931235,0.3992145640444799,0.0005147301258650214,0.5472168980479061
192,mg1,BO_PI,1000,2,2.4216384036341065e-06,0.00015848678936977495,1.851901153903077e-05,3.099168039868232e-06,0.11865918353438867,0.00421454336479786,0.5766291875624642,-0.0014751733737108103,0.699685441069003
193,mg1,BO_PI,1000,3,0.0001181991969314246,0.0005146782368198182,3.926391906852058e-06,2.3449230262446556e-05,0.09918273464344639,0.004072930245301409,0.6466393440590097,0.010788800770405995,0.7505552620036781
194,mg1,BO_PI,1000,4,0.00041083134776332054,0.0007676690516009067,7.348919380138869e-08,4.891428050789654e-05,0.09644149539097456,0.03629829470844412,0.6773668075617268,0.02020797662634918,0.8113340858302114
195,mg1,BO_PI,1000,5,5.165897790849006e-06,0.0010391920631371183,3.3676812767949495e-05,2.0726563945143032e-06,0.07916006590832522,0.012577132502445973,0.6424292464975722,-0.0022177926448484677,0.7352465523384338
196,mg1,BO_PI,1000,6,0.00010871916098425548,0.00046799874715625837,4.825776825717746e-06,2.05296118548404e-05,0.07635648388045164,0.0027834352352002598,0.6789287320865595,0.010369460457947788,0.7586707244990324
197,mg1,BO_PI,1000,7,3.0096180945715376e-05,0.00025103480165688814,9.156189315677496e-06,1.1513781365924174e-05,0.08040260445044688,0.0022589382538186053,0.5793836264739229,0.005407959949930761,0.6623469701314727
198,mg1,BO_PI,1000,8,4.945134498603588e-06,0.000501495936419637,1.8285424972102158e-05,6.876631999945036e-06,0.05584752310355476,0.0031466561686783316,0.6233426752921716,0.002143788101427846,0.6828684576922949
199,mg1,BO_PI,1000,9,8.466849844196097e-05,0.0005250504249504738,4.0216671579661835e-06,1.858309221816996e-05,0.07346219802105214,0.0023499147414809394,0.5971340695852643,0.009121961974225384,0.6735785060305659
200,mg2,GA,100,0,1.9957480930145086e-09,0.012525247996220124,3.3178856604749545e-08,3.043714444953229e-08,0.9876833874589697,3.826039435562311e-06,0.008194607111988664,2.439672211024986e-05,1.0084071342183634
201,mg2,GA,100,1,5.145241014364792e-07,0.0017862164749937338,3.522812158068964e-07,9.065013110970027e-07,1.6681079026118355,8.178536497704849e-05,0.2574876132528605,0.0006927972296185686,1.927465291011295
202,mg2,GA,100,2,1.7941799474300546e-09,0.021206996109958753,7.683039650860663e-10,3.396633472342057e-08,0.942533160923083,3.0130526271933514e-05,0.004158875308395039,1.8270022358846118e-05,0.9679291993965276
203,mg2,GA,100,3,5.471494627959438e-10,9.312895315123673e-15,4.246678834183146e-08,4.0479087515286223e-10,0.9312895313641842,1.4080313806037867e-05,0.004654780980070923,5.235693763649338e-06,0.9359584360767991
204,mg2,GA,100,4,3.888823424109764e-09,9.339153863880114e-15,3.548897738775898e-17,1.106991377433954e-17,0.9339153864060171,0.0035628886469297456,0.007949763510160314,2.5648246705316582e-05,0.94542804245194
205,mg2,GA,100,5,4.13810952535715e-09,0.007604299248310264,3.775994289347827e-08,2.3169385497380666e-08,0.9844592887726714,2.3016558287833323e-05,0.010759371110385888,3.112610655780883e-05,1.0028460407570934
206,mg2,GA,100,6,3.0156419349988918e-09,9.318676697555453e-15,9.453614999992885e-11,4.657465844758344e-08,0.9318676697054549,0.0010498864154715448,0.006185391398952906,2.6218316594249954e-05,0.9391029972047252
207,mg2,GA,100,7,6.496662004417084e-10,9.406813883047675e-15,3.44031044115075e-08,3.383090261057041e-10,0.940681388343533,2.7692145251437033e-05,0.004046008978117896,4.784492167659651e-06,0.9447551248579914
208,mg2,GA,100,8,6.960391738306709e-10,0.020958149677599014,2.0372119581333022e-08,5.255160827717071e-09,0.9417356739533572,1.1953486609187575e-05,0.003934185426648639,8.5267439228056e-06,0.9666399888675337
209,mg2,GA,100,9,1.3813219142520942e-09,0.01773623444245721,8.97009014076811e-09,7.048292881734839e-08,0.9824591075326953,7.2618337212784726e-06,0.007248040210795328,2.892281582804919e-05,1.0074507248540099
210,mg2,GA,200,0,1.6516540993135705e-08,0.015694533873539928,2.065790303424344e-07,2.991164209095844e-07,1.1519445102635473,2.247298326608629e-05,0.024709089378759156,0.00012468124468594248,1.1923711287111047
211,mg2,GA,200,1,3.011177814616009e-09,0.0016618387118424362,8.286538496900736e-08,3.7732509389032886e-08,1.1476238125553573,1.1085938709626613e-05,0.022095480294148914,4.8494212030288306e-05,1.1713923411091305
212,mg2,GA,200,2,4.898995957907662e-10,9.3650781042767e-15,1.4386871300113784e-08,5.802939897513933e-09,0.9365078105197152,6.499921799742151e-07,0.003611019854931445,8.490452710624586e-06,0.9401195010465467
213,mg2,GA,200,3,5.174433520916653e-10,9.280504227026818e-15,3.4839450058783924e-08,3.881378327594846e-09,0.9280504226915111,2.037938276389696e-06,0.004532919416865483,8.856494815767737e-06,0.932585419284934
214,mg2,GA,200,4,1.1729019722345598e-09,0.02083327937679234,2.1111198529964682e-08,7.62317885831223e-09,0.9259235281279982,9.512472421260388e-07,0.004831294376966645,1.3020276440091644e-05,0.9515890830362785
215,mg2,GA,200,5,1.9821939940242485e-09,0.020835241416060475,4.7359071775914716e-11,3.5923642088015236e-08,0.9416396151812123,0.0007440477428218513,0.004826933626270462,2.218952516827242e-05,0.9680458759195604
216,mg2,GA,200,6,5.067301246592649e-09,0.00623108610009838,1.1744902748592091e-09,9.333104081603161e-08,0.9701491758036594,3.213672754938251e-05,0.007963269616477241,4.3431299017682344e-05,0.9843757678206168
217,mg2,GA,200,7,2.519547860958033e-09,0.020891125681481534,8.447818011110256e-10,2.7661297820516357e-08,0.9284944752336997,0.0008933596761226471,0.005140829708942588,2.2930025186894514e-05,0.955419821325874
218,mg2,GA,200,8,3.974867192616219e-09,0.007737081300256898,5.780131942859164e-09,9.030686313314193e-08,0.9668143761127819,3.7645843230569364e-05,0.007420575509732754,3.6150720328459056e-05,0.9820097788278643
219,mg2,GA,200,9,9.420779468114676e-10,0.010817050824080977,2.534434756045304e-08,1.3172939672413117e-08,0.9365683237628027,1.7725047244489505e-06,0.005276086628772127,1.490217093627174e-05,0.9526632731797454
220,mg2,GA,500,0,2.2795661584081427e-09,9.262460889381585e-15,6.333867919766148e-10,4.0726965039027146e-08,0.9262460890050807,1.894804933404168e-05,0.004291684485882413,2.3730762265614807e-05,0.9305567651802243
221,mg2,GA,500,1,2.3128407584574774e-09,0.020890130238530175,8.614512427278664e-10,4.2767687853707936e-08,0.9284502332324827,6.677190817662704e-06,0.004280838098792769,2.3409745723461882e-05,0.9536279247026032
222,mg2,GA,500,2,1.4523176549029312e-09,0.00624009070069299,2.0825162239889764e-08,1.966976628344985e-08,1.0015908814547394,7.260059729698746e-06,0.006884897326108726,2.3218477889970025e-05,1.0147231714885168
223,mg2,GA,500,3,8.491859644026687e-10,0.012106064114392582,2.918250242234187e-08,3.6693047139765503e-09,0.9498068202534935,6.599855187777294e-06,0.004898540195429335,7.198534417323487e-06,0.9668180581194963
224,mg2,GA,500,4,3.561461240248187e-10,0.008115341338037436,3.53635556196617e-08,7.045279589050173e-10,0.9802750458758923,1.3764598267523462e-05,0.004842637598166115,1.257990897878751e-06,0.9932468258345931
225,mg2,GA,500,5,2.0948151767771166e-09,9.274631605250436e-15,6.754749629989871e-10,3.409172565039531e-08,0.9274631605000311,7.231633234138825e-05,0.0043219682377822095,2.268952543907079e-05,0.9318574819321798
226,mg2,GA,500,6,3.45330022601591e-09,0.02080108837592919,9.370797041949521e-10,5.018078165347477e-08,0.924492817078392,8.023073774931882e-06,0.005002603943411878,2.7143100075981648e-05,0.9503045870426696
227,mg2,GA,500,7,5.073502994904973e-10,0.020797570491216534,4.44050440826528e-08,3.3785025807256763e-10,0.9243364665763523,3.986397771354961e-06,0.004551001366478884,4.513744652616461e-06,0.9496890700820637
228,mg2,GA,500,8,6.717064510289244e-10,0.012481519396067606,9.237241273797244e-09,6.9539927833851815e-09,0.9818487593782195,4.60687040506481e-06,0.005040891278079047,9.383553516615482e-06,0.9993757937857117
229,mg2,GA,500,9,6.723116664400547e-09,0.008653052632010395,8.529796890190262e-09,2.659502311546044e-07,1.0253543039306479,3.992154717782591e-05,0.013855007574342078,7.838110840187994e-05,1.0479025668873228
230,mg2,GA,1000,0,4.85087965755323e-10,0.020842498976088357,4.201537799566288e-08,4.77077080306979e-10,0.9263332882237945,2.5475613620776642e-06,0.004338007096037875,3.4224179409978704e-06,0.9515163848348258
231,mg2,GA,1000,1,1.1275060030245703e-09,0.001660822510206631,4.552337386735777e-08,2.356700825479786e-08,1.089499575933566,7.907119340885682e-06,0.015128899498832726,2.8178716124494818e-05,1.1062972752798343
232,mg2,GA,1000,2,1.729655767309465e-08,0.004950065205349869,2.939818842116912e-07,1.8833871734088495e-07,1.159478946349037,5.717859475780887e-05,0.02863090092708105,0.00012846340357455303,1.1931175906933849
233,mg2,GA,1000,3,1.112310697774026e-09,0.015677080646545688,3.823419155484373e-08,3.4847513043074784e-08,1.0048753261961627,5.660492626890579e-06,0.006728533357491048,1.885857990004154e-05,1.0272866748868417
234,mg2,GA,1000,4,7.095710658431062e-10,9.232403308136351e-15,2.8610272584755267e-08,2.991685315959356e-09,0.9232403308735103,1.3388579590951886e-06,0.0045374781126211435,8.846653411945542e-06,0.9277791801556288
235,mg2,GA,1000,5,2.3715556178074295e-09,0.007539186644115771,3.4603066891141834e-08,2.2048737936463126e-08,0.9966174666858194,2.123008410714634e-05,0.009495225624576336,2.8314355440064565e-05,1.0136731680619793
236,mg2,GA,1000,6,1.4206086943530705e-09,0.006125030127527812,6.536110541900656e-08,4.3291165377603e-08,1.007217687656176,7.952426327589741e-06,0.009195418041423552,2.4143265136908853e-05,1.0225461983243345
237,mg2,GA,1000,7,9.137918049479507e-09,0.003287742881343919,8.382087835252654e-08,3.296808006236974e-08,1.1557372839153113,2.427872234989437e-05,0.019831940913156453,7.394127143239848e-05,1.178881372359038
238,mg2,GA,1000,8,7.01865148335538e-10,9.241071483383379e-15,3.7759156590447064e-08,6.983860516217034e-10,0.9241071483628697,1.951989248367567e-05,0.004623662940478826,5.725339496559666e-06,0.9287503703552492
239,mg2,GA,1000,9,5.526679210940684e-10,0.015587561637650701,2.440056206343784e-08,2.561408161946485e-09,0.9409144735161717,1.829921175584228e-06,0.004215708337524357,7.3797393371794385e-06,0.9607196009271606
240,mg2,PSO,100,0,3.748491334939024e-09,0.00792959597188136,1.0465579589185146e-07,4.5880635904294325e-08,1.170087898429381,1.5989523581438976e-05,0.019390432837216313,5.542271339581961e-05,1.1974240710469832
241,mg2,PSO,100,1,1.9823037880684604e-06,0.0016170793478494524,3.022435807747033e-06,2.4381537303048335e-06,2.071600941770054,0.0004629037443542535,0.1897203688488803,0.001395125139663731,2.263408736604464
242,mg2,PSO,100,2,7.043397486701171e-08,0.008307889055543336,1.9137716715008034e-08,3.8330894237819765e-07,1.2871221473869443,0.00012750340928974487,0.09822321248257024,0.0002470557248276409,1.3937812252149815
243,mg2,PSO,100,3,2.8794300571600368e-08,0.0019851727761184533,2.2964660534700678e-07,1.2144477570590947e-07,1.3127088404614147,3.0170522717102913e-05,0.0645438789172709,0.00015678294225536827,1.3792684425632027
244,mg2,PSO,100,4,6.894319487903552e-08,0.007981901623741053,1.1863406948618271e-07,2.0340696210666007e-07,1.3034311754424341,0.00036110936372677957,0.10910957614602455,0.0002474330657317906,1.420884153560153
245,mg2,PSO,100,5,2.0982283861015294e-09,0.0076309595792184905,3.0757073598274924e-08,2.191002038724801e-08,1.008749081741935,1.9615933220464878e-05,0.009086090499125945,2.5812554963876926e-05,1.025485802518822
246,mg2,PSO,100,6,9.422585252383622e-09,0.006961854167423698,3.590523134792126e-07,1.2522617312215992e-07,1.1529787190032679,3.2597866560401594e-05,0.023342798474680515,9.237486621617886e-05,1.1833164632130042
247,mg2,PSO,100,7,2.2735059934532833e-07,0.004603353149294426,2.326474061983262e-07,9.499997065685801e-07,1.4916383922695386,8.253691115209505e-05,0.10673928142326229,0.000465116174373503,1.6030649737509597
248,mg2,PSO,100,8,5.551102072089741e-10,0.016894969766774067,1.7791284885949133e-08,1.0789510009768606e-08,0.9938957519772154,2.1807657588808133e-05,0.007246189362706187,1.3105530428748832e-05,1.0180587479001897
249,mg2,PSO,100,9,8.785364298479214e-09,0.01710787292517469,9.566161401621268e-08,7.004681086917255e-08,1.1770161981476823,1.5658061376237122e-05,0.020992036665979114,7.73228708311298e-05,1.2151319402940013
250,mg2,PSO,200,0,1.5708989727004814e-08,0.015768741160546718,2.116875528242167e-07,2.9247281695957617e-07,1.157391163064825,2.203093366254541e-05,0.02390931774262342,0.00012243105879367256,1.1970917727710173
251,mg2,PSO,200,1,2.0125830669545682e-06,0.0016195583496903055,3.0586303922326994e-06,2.4285007216122525e-06,2.0747767306113047,0.0004683031527301132,0.19156032303203374,0.001409456354805685,2.26843241485994
252,mg2,PSO,200,2,7.826245047628605e-08,0.008350414690846197,2.0011299296506532e-08,4.089950368877042e-07,1.2937105462893181,0.0001359641340619341,0.10373972652749584,0.00026328748164513563,1.4059371589105087
253,mg2,PSO,200,3,2.8759174229529258e-08,0.0019724453487565585,2.2637489041929818e-07,1.2133618118713604e-07,1.3042927435778944,3.0132536141366172e-05,0.06481455595401185,0.00015765301044270587,1.37111025388705
254,mg2,PSO,200,4,6.848848429254424e-08,0.007906800184711304,1.1545941526975365e-07,1.990118637348433e-07,1.2911672361498978,0.00035330672432838835,0.10663881544088631,0.0002430007615263946,1.4060665414595872
255,mg2,PSO,200,5,1.8194436638888232e-09,0.007589265188831278,3.071525553519777e-08,2.1413090002853995e-08,1.0032374317875865,1.933562765424651e-05,0.008684875433780576,2.510748617802965e-05,1.0195309619856419
256,mg2,PSO,200,6,9.188978277316316e-09,0.006960921724896212,3.6125654566814256e-07,1.2104029700617365e-07,1.1528242937072548,3.150823307855237e-05,0.02211062045629474,8.921305413108483e-05,1.1819278356073453
257,mg2,PSO,200,7,2.16124639726849e-07,0.004585555410179265,2.2396413742999564e-07,9.396012575254078e-07,1.485871337234281,8.133905019726922e-05,0.10529942563448089,0.00045714584787451566,1.595839037019173
258,mg2,PSO,200,8,4.3087828153908327e-10,0.016891383025941644,1.3657878345921478e-08,9.768852042078301e-09,0.9936847515530639,1.7656662664623114e-05,0.006555885215933419,1.1512592665561382e-05,1.0171497003152123
259,mg2,PSO,200,9,8.82817950707901e-09,0.01708532454954248,9.39773787384608e-08,7.033281600639882e-08,1.1754648770987484,1.540224942810053e-05,0.021125167731147875,7.680786285811689e-05,1.213690944767241
260,mg2,PSO,500,0,1.5995940231102253e-08,0.01571440893276728,2.1042659287592504e-07,2.905671836611806e-07,1.1534032962045175,2.1919627191624934e-05,0.024029463336834506,0.00012265394149309306,1.1931696050910277
261,mg2,PSO,500,1,2.0031198918817128e-06,0.0016130484101216144,3.048127650543036e-06,2.4236232379111126e-06,2.0664370056872907,0.00046677903074195055,0.19106811681705863,0.0014088650518118827,2.2595924248159935
262,mg2,PSO,500,2,7.654312597513709e-08,0.008301428774240923,1.9917968844843443e-08,4.0159024731678924e-07,1.2861212708578535,0.0001336488812732473,0.10193062506825844,0.00025923899160691487,1.3964874716329683
263,mg2,PSO,500,3,2.5936187774543876e-08,0.0019453275841451608,2.184513620298069e-07,1.1063355798721571e-07,1.2863609394713875,2.8031960919909578e-05,0.059923482119419225,0.0001460723800962123,1.3482581361569794
264,mg2,PSO,500,4,6.608889625762729e-08,0.007866051731231257,1.1437906855756503e-07,1.950722303519235e-07,1.2845130819028698,0.0003463114890930998,0.10453903802095571,0.0002389170886979997,1.397264858684345
265,mg2,PSO,500,5,1.8349086645766839e-09,0.007600225995548132,2.992801895914259e-08,2.080349490451824e-08,1.0046863588097732,1.8993455989149078e-05,0.008625138730485005,2.4686007917520332e-05,1.020930769558218
266,mg2,PSO,500,6,8.664097365728326e-09,0.0069077621386363945,3.5393975368305527e-07,1.2364314049317042e-07,1.144020335710622,3.218578428484757e-05,0.022609166451826198,9.007530050808461e-05,1.173569936332361
267,mg2,PSO,500,7,2.2093883165764958e-07,0.004558005605027188,2.273975576267416e-07,9.418027639447109e-07,1.4769442908549546,8.164859871562935e-05,0.1055032553633688,0.0004616783777742559,1.5870885905612195
268,mg2,PSO,500,8,3.030124916084122e-10,0.01694706004645959,9.806580807187052e-09,1.0899041747353794e-08,0.9969601141955767,1.560360787527867e-05,0.006530134490906611,1.093788661303332e-05,1.0204529333494532
269,mg2,PSO,500,9,9.76062479299277e-09,0.01702200524928407,9.450599297767674e-08,7.02963558579044e-08,1.1711085294459993,1.5496927665235355e-05,0.021429879059929973,7.780892106476523e-05,1.2095760852458521
270,mg2,PSO,1000,0,3.531182655897288e-09,0.007868026034191122,1.0257009962374185e-07,4.301121415763607e-08,1.161002663916281,1.5692978715602182e-05,0.019024934766777513,5.443262375051248e-05,1.1879114668084616
271,mg2,PSO,1000,1,1.997678176441136e-06,0.0016099837871088036,3.037884692960422e-06,2.4187409649694218e-06,2.0625109918351834,0.0004651788339420772,0.19041058084155577,0.0014077392866011249,2.255004189601624
272,mg2,PSO,1000,2,7.72521488035693e-08,0.00830707624705782,2.0032286322191854e-08,4.05127144527227e-07,1.2869962208394097,0.00013470648157874098,0.10261883511016853,0.0002614121753715355,1.3980573410897943
273,mg2,PSO,1000,3,2.5460425614802957e-08,0.0019459077168015378,2.193511987367178e-07,1.0822926288830309e-07,1.2867445560894737,2.7838928624828357e-05,0.058892015302207515,0.0001443909867184918,1.3476106710779947
274,mg2,PSO,1000,4,6.61146571668976e-08,0.007866765755093536,1.1415644797682223e-07,1.9574050596862657e-07,1.2846296808056603,0.00034750176933943803,0.10451869516063181,0.00023957945646642365,1.3973630195023363
275,mg2,PSO,1000,5,2.0752314750711397e-09,0.007547153825695463,3.3043225616323495e-08,2.1744463662859217e-08,0.9976706615087805,2.0483687569821154e-05,0.009249213684196926,2.716281268285832e-05,1.0144875695691635
276,mg2,PSO,1000,6,8.913767128171867e-09,0.0069035964146367665,3.57097416901999e-07,1.2408645949548938e-07,1.143330434571445,3.2301185509032257e-05,0.02268200945675983,9.088138019101285e-05,1.1729488317259942
277,mg2,PSO,1000,7,2.1144395877394025e-07,0.0045826971122627826,2.2022553001550178e-07,9.297656749429759e-07,1.4849451543475363,8.042283521086261e-05,0.10362161632506726,0.00045286274164711037,1.593231252055241
278,mg2,PSO,1000,8,3.610212903154062e-10,0.01693798197668365,1.1018706572839922e-08,1.155516226648951e-08,0.9964260703416272,1.6854814323507248e-05,0.006963445107533067,1.2008213859777033e-05,1.0203443751750574
279,mg2,PSO,1000,9,8.571904280725444e-09,0.017026156921508283,9.222796642640566e-08,6.94137410436809e-08,1.1713941631703293,1.5110867476080232e-05,0.02065931585042364,7.597405015543805e-05,1.2090949170233491
280,mg2,BO_EI,100,0,2.755739159083239e-09,0.01929959727292849,3.0698750830072696e-08,4.50628756631068e-09,1.0733028265873181,0.001168044097967399,0.0104526432516467,4.268819231535947e-05,1.1042231491706382
281,mg2,BO_EI,100,1,2.1521471555721365e-09,9.324953294137935e-15,8.05353711403241e-10,4.528905758643436e-08,0.9324953295273921,7.066081054447951e-06,0.004373240931659389,2.5146278742256486e-05,0.9368756847866737
282,mg2,BO_EI,100,2,3.9656060720473554e-10,0.02114990453357123,3.1598792670561736e-08,3.493116153365751e-09,0.9399957574621962,1.655441151374668e-06,0.004214685689121471,6.897792055316869e-06,0.9653620386145096
283,mg2,BO_EI,100,3,1.4488682345566278e-09,0.021093331433120394,3.6534986909911463e-08,3.8746472828500784e-09,0.9374813973189072,1.8819295394222212e-06,0.004819652435297791,8.352431844042829e-06,0.9633963049753673
284,mg2,BO_EI,100,4,2.5080121690395547e-09,9.415904310065644e-15,1.1629885476697153e-09,2.3846004677064853e-08,0.9415904309237694,0.0009271701217669491,0.00461212978167524,1.9524660142054632e-05,0.9471297583442263
285,mg2,BO_EI,100,5,2.4962172836858264e-09,0.020609721049803343,4.158368498662066e-09,1.775454791639308e-08,0.9626488089848068,0.001143964736179051,0.006128915963049156,2.2527875965515712e-05,0.990531435142972
286,mg2,BO_EI,100,6,5.185335926711333e-10,0.014796949072395241,5.3288630858287775e-08,1.14765062371375e-11,0.9665603389086835,4.280177525357188e-06,0.005106555490074443,-9.458308620128794e-07,0.9864681774673196
287,mg2,BO_EI,100,7,2.0571644221975515e-10,0.021052713181736477,3.346532124773411e-08,2.7725979266961446e-10,0.9356761416484366,2.382314796551755e-05,0.0038438559808161923,3.9672959641529406e-06,0.9605965679072522
288,mg2,BO_EI,100,8,1.1795781641966868e-09,0.020719626681653527,1.2055190807266174e-08,1.62429659579142e-08,0.9554052540706846,2.7016922979961084e-06,0.004586523155073348,1.7782895403414476e-05,0.9807141350774443
289,mg2,BO_EI,100,9,1.1134031031428995e-09,0.020978532501372726,4.869443931771621e-08,2.2474413598608243e-10,0.9323792227576946,3.144673862999173e-05,0.00577516125067574,1.0615400506830755e-05,0.9591644132809596
290,mg2,BO_EI,200,0,2.8721530999684443e-09,0.016871622715540692,1.0770406690277768e-07,7.371886489018062e-08,1.036792619782187,1.7844047986358726e-05,0.0141296634970712,4.239475139662413e-05,1.06781193433787
291,mg2,BO_EI,200,1,1.1567051449627008e-09,0.005556835659668154,5.1256169169846435e-08,7.470238755441243e-09,0.984986239356917,2.1779935304213967e-05,0.0084159591584684,1.4704303718357063e-05,0.9989808739934708
292,mg2,BO_EI,200,2,4.726224724189565e-10,0.02086596644392699,4.690336603777885e-08,4.480835227943525e-10,0.9273762867884499,2.5942554686742587e-06,0.0047141408268999525,4.173349542465378e-06,0.9529590361388175
293,mg2,BO_EI,200,3,6.711879923872534e-10,0.02062501445052479,5.522791664362197e-08,4.939342910187898e-10,0.9166673092528189,2.952564175180582e-06,0.005476252309494842,6.60458160706142e-06,0.9427715849700526
294,mg2,BO_EI,200,4,4.387271468046318e-09,9.171613338397257e-15,5.976103976069724e-10,4.038510063118284e-08,0.9171613339426271,0.0015865135941650799,0.007023982208832015,3.430409993665851e-05,0.9257718751156159
295,mg2,BO_EI,200,5,7.268085871013662e-10,0.01367790813656983,2.124033256484487e-07,3.073985109189928e-19,0.990301790106293,3.073985426193788e-05,0.011631027154769403,-1.9809872477821385e-06,1.0156416783820286
296,mg2,BO_EI,200,6,1.8373168216763573e-09,0.02108591024029257,1.0943528106633852e-10,3.285399382224552e-08,0.9371515668035479,0.0006561036449889628,0.004628414275562636,1.9259824761765146e-05,0.9635220297651379
297,mg2,BO_EI,200,7,5.921292594054063e-10,0.020996959801604494,3.1891299324402273e-08,3.57855930669802e-09,0.9331982137929515,1.6446817385179144e-06,0.004225330914276773,7.647922131371766e-06,0.9584221852525592
298,mg2,BO_EI,200,8,1.3239778679304001e-09,0.01205733347743119,2.7670449466884544e-08,2.4005655128743548e-08,0.9866120268330366,2.1596217673569583e-05,0.007421400160752204,2.00796183506278e-05,1.0061124096889762
299,mg2,BO_EI,200,9,1.282623154911203e-09,0.0208575799003613,2.0875731905445615e-08,7.593651782557866e-09,0.9270035514869893,9.364883800853947e-07,0.004881561259511683,1.3013424083247096e-05,0.9527436588872492
300,mg2,BO_EI,500,0,5.540938282087463e-10,0.020865050430877857,4.290865983356442e-08,4.875727531037772e-10,0.9273355750981853,2.3140534371572415e-06,0.0044543951471657265,3.936207942114974e-06,0.9526573786799926
301,mg2,BO_EI,500,1,6.909222571192606e-10,0.000938325952271951,1.2747245393897821e-08,3.562596010377396e-08,1.035837544648479,9.237971944137942e-06,0.006443707883177655,2.2744921631301852e-05,1.0432288655200004
302,mg2,BO_EI,500,2,1.8449666823869533e-08,0.011804607135170512,1.364020888058544e-07,1.3949969032635392e-07,1.2281597770273682,8.23507669103714e-06,0.03143740675653906,0.00011773277909027034,1.2714103203472147
303,mg2,BO_EI,500,3,2.000498742679907e-09,0.020851794247842698,1.2213271313647211e-10,3.637165638788765e-08,0.9267464114844486,0.0006766786799092737,0.004810912058380553,2.1091293816404012e-05,0.953085834964869
304,mg2,BO_EI,500,4,6.617791573522407e-10,0.020879944828683366,4.419378022751268e-08,4.682143547927815e-10,0.927997548330636,2.3770840064962417e-06,0.004593100797176887,4.296255585021998e-06,0.9534730163642765
305,mg2,BO_EI,500,5,2.066512437915192e-09,0.007556614811933748,3.320278131858241e-08,2.1836703169839155e-08,0.9989213248194625,2.0709540926851774e-05,0.009256223765652714,2.7281728607201026e-05,1.0157549300439728
306,mg2,BO_EI,500,6,2.1992754813967995e-09,0.02089769119041805,8.355831324261897e-10,2.5978233697138223e-08,0.9287862756640421,0.0008597002128104845,0.004967772513486068,2.1869676071699732e-05,0.9555114685938491
307,mg2,BO_EI,500,7,4.804089536268627e-10,0.020854690109379473,4.190132510963207e-08,4.735589415716317e-10,0.92687511628414,2.2933337674334707e-06,0.00435098999950349,3.2605023200131933e-06,0.9520831325820833
308,mg2,BO_EI,500,8,8.890188201442277e-10,0.018773682729310626,1.3434342162661702e-07,1.4042309420185495e-18,0.9910427730162997,0.00014042310187482708,0.010126820988876815,3.864520387867616e-06,1.0200838350688024
309,mg2,BO_EI,500,9,3.0681561934701175e-09,0.02072126969577249,8.923492391291076e-11,4.468859061950344e-08,0.9209453201766129,0.000885926683352428,0.006041352710004091,2.6275835154180748e-05,0.9485939171117236
310,mg2,BO_EI,1000,0,1.0292291028376887e-09,0.020729416908009703,2.0766451479566593e-08,7.67518580590046e-09,0.9213074184285075,9.354795452660432e-07,0.004799933538847892,1.2944051876903101e-05,0.9468377338257767
311,mg2,BO_EI,1000,1,7.227625226184227e-08,0.004318258532316055,1.9104966027254232e-07,6.326318312331541e-07,1.1388061186795324,6.3856488932498e-05,0.05941262943104874,0.00026444440211967335,1.2026017590895735
312,mg2,BO_EI,1000,2,7.561069772091844e-09,0.018309447420397126,2.977978423283948e-09,1.5526713258322285e-07,1.0530123861741227,3.1012622593216355e-05,0.013369581167090644,6.567891450150868e-05,1.0847225931903846
313,mg2,BO_EI,1000,3,1.1555692422686633e-09,0.0031079621952684287,3.504670835564324e-08,1.1035920055539795e-08,0.9465228506281035,2.477355584419474e-06,0.005861296702691399,1.1693093724176037e-05,0.9554946341198455
314,mg2,BO_EI,1000,4,7.017754059377616e-10,0.020780925940548943,4.6686326969985924e-08,4.3369084814729936e-10,0.923596708800925,2.502712601491897e-06,0.004772738127842805,4.690130005618704e-06,0.9491529234037115
315,mg2,BO_EI,1000,5,2.9921900494039584e-10,0.013793689210429972,2.0178344930331793e-08,5.007034136033565e-09,0.9963695774790954,1.0391638248699891e-05,0.005481879123802693,5.830249294219311e-06,1.0156555629361748
316,mg2,BO_EI,1000,6,5.688180624346957e-10,0.010321463062103617,2.1637686217958506e-08,1.0953081589572802e-09,0.9464706072687128,8.149141880387385e-05,0.004374380964198348,6.927160370715012e-06,0.9612479660156311
317,mg2,BO_EI,1000,7,6.654073978590382e-10,0.0208289545634935,3.47288196557972e-08,3.4961004866518742e-09,0.9257313143009722,1.7464701115705078e-06,0.0044947139293433,8.179187657547334e-06,0.9510567681542481
318,mg2,BO_EI,1000,8,2.7671382895720346e-09,0.020786281705727164,6.786444084749632e-10,2.9088410413799656e-08,0.9238347429467479,0.0009293456441424414,0.005358435218492398,2.4184235392981573e-05,0.9509088380493032
319,mg2,BO_EI,1000,9,2.188750469440291e-09,0.02084343948275649,1.0934774057096233e-10,3.622074865940563e-08,0.926375088609508,0.0007287868378106714,0.0050216993216783525,2.1781087837278995e-05,0.9529690527706004
320,mg2,BO_LCB,100,0,1.5221199223987625e-09,9.343226314983817e-15,1.4081463576016774e-09,4.219354430449179e-08,0.934322631499232,6.404332626433919e-06,0.004273145974452093,2.1590283751933142e-05,0.9386022269301304
321,mg2,BO_LCB,100,1,7.38468950589408e-10,0.01986885761534419,2.9842860748640395e-08,4.7261052143819715e-08,1.023518538281868,2.5310248013211835e-06,0.006090525395080256,2.01503333315059e-05,1.0494805301594754
322,mg2,BO_LCB,100,2,2.3051868189545776e-09,0.02103813183061308,2.5566630124104314e-17,7.879610986180271e-18,0.9350280819082349,0.0025665943436036552,0.00669493475582422,2.148943696774753e-05,0.9653277451434626
323,mg2,BO_LCB,100,3,1.745076284148447e-10,0.011087987792661137,2.020073579807254e-08,6.119069895903037e-09,1.0053856988832504,1.479103419899935e-06,0.005509428834530871,5.701143770460923e-06,1.0219846211081756
324,mg2,BO_LCB,100,4,6.980298004530168e-10,0.020778863995023995,2.2157809979372042e-08,8.160818828460814e-09,0.9235050666198257,9.9212958752897e-07,0.004683535147293826,1.3665485663477e-05,0.9489684889083896
325,mg2,BO_LCB,100,5,1.4067859154152246e-09,0.02071790127579614,1.5034058101668123e-08,1.848618512968003e-08,0.9379157849725911,2.4049570342249313e-06,0.005556786824613135,1.996317104101683e-05,0.9641929129570637
326,mg2,BO_LCB,100,6,2.2444988648002416e-10,9.330672906431611e-15,3.443578044322531e-08,3.7464441343708435e-10,0.9330672908365226,3.1100932976526965e-05,0.00397714623887972,4.044002976908937e-06,0.9370755730432629
327,mg2,BO_LCB,100,7,9.008146164625222e-10,0.020919631474295194,1.947648387449508e-08,7.901914358935606e-09,0.9297613991932393,1.151349172444238e-06,0.004615833179642389,1.2719890417866933e-05,0.9552980434755622
328,mg2,BO_LCB,100,8,6.361534166400069e-10,0.020963264108198466,3.6515107414444986e-08,3.4356098893297323e-09,0.93170062738855,1.8903196566168266e-06,0.0046584430603940335,6.8512129832405674e-06,0.9573242654636698
329,mg2,BO_LCB,100,9,1.797708621853226e-09,0.020967360524579,6.967743648002421e-10,2.854952225572063e-08,0.9318826905229299,0.000849083018778884,0.004862467404558756,2.292061688978504e-05,0.9585616325148518
330,mg2,BO_LCB,200,0,1.8698927430024988e-09,9.340172095481749e-15,6.288147437440132e-10,3.64915099944946e-08,0.934017209434076,1.2503624062373654e-05,0.003946519851862619,2.0954910722258047e-05,0.9379762719002278
331,mg2,BO_LCB,200,1,8.865172587266436e-10,0.013122467974351218,2.090737648857466e-08,6.721959971999149e-09,0.9421021261882009,1.102793204534308e-06,0.00488849805162526,1.273529979952651e-05,0.9601142235232356
332,mg2,BO_LCB,200,2,1.9199140157697148e-09,0.02079821177326735,7.73686026199351e-11,3.6664076000319677e-08,0.9243649681575099,0.0007508472055258427,0.004962576844077876,2.2852969800537562e-05,0.9508766426417397
333,mg2,BO_LCB,200,3,2.4271998845758717e-09,0.02095068279423834,2.4041606713106405e-17,7.337497242107095e-18,0.9311414581016592,0.00241561391609641,0.006173285395587271,2.0361180881080747e-05,0.9606810426347812
334,mg2,BO_LCB,200,4,1.7932745548782151e-09,0.021041637786882787,2.21078321125654e-17,7.046668441084591e-18,0.9351839023805086,0.0022197856110238437,0.005840672877065015,1.8729638866208237e-05,0.9642860004487549
335,mg2,BO_LCB,200,5,2.141940328756387e-09,0.007602512430288206,3.190446874068772e-08,2.198610864420693e-08,1.0049886063558622,2.034263538503293e-05,0.009022028583498817,2.6390534008115095e-05,1.0216335460375519
336,mg2,BO_LCB,200,6,1.2102035214259235e-09,0.021058240714221597,1.9463734530755722e-17,6.2419986268368015e-18,0.9359218101471096,0.0019575860325829484,0.0051910802324910965,1.612217560701938e-05,0.964128718336609
337,mg2,BO_LCB,200,7,7.773535827297225e-10,0.020915715493822686,3.4062687194524956e-08,1.3151092191750398e-09,0.9295873556134077,3.3780164038828086e-06,0.004498771930690278,7.122604370333762e-06,0.9550052572094745
338,mg2,BO_LCB,200,8,3.5257698954158443e-10,0.02091957888138488,1.984329543958536e-08,3.604304407668738e-09,0.9297590617523497,9.166928777492825e-07,0.0035484433173064,6.451340424521324e-06,0.9542280244440955
339,mg2,BO_LCB,200,9,5.552449762938496e-10,9.231714477810817e-15,5.048641258449058e-08,4.5143858327443284e-10,0.9231714477788667,2.749133225999863e-06,0.004876575678026123,4.377999830709909e-06,0.9280508240832241
340,mg2,BO_LCB,500,0,2.9717647174281627e-09,9.24940513666768e-15,8.88896907631748e-10,4.83358524224108e-08,0.9249405136004824,7.72072574269459e-06,0.004821412385714747,2.6151309216211817e-05,0.9297696989084632
341,mg2,BO_LCB,500,1,2.100594957887273e-09,0.019695695079784994,2.685849004511567e-08,6.637382090706648e-08,1.0288333454686147,5.8834557682529276e-06,0.00683021204058748,2.8040837697362644e-05,1.0553652313776614
342,mg2,BO_LCB,500,2,5.409947546178095e-10,0.020906447833798573,1.6422591346583194e-08,6.5227334702464624e-09,0.929175459620148,7.423434432364235e-07,0.0038485200404533753,9.64421858725407e-06,0.9539311933241628
343,mg2,BO_LCB,500,3,3.881938346654438e-10,0.020860040943752975,4.1389133529136466e-08,4.4549574247704695e-10,0.9271129311974335,2.3294959403722697e-06,0.004219612090682063,2.921021748633887e-06,0.9521949559506321
344,mg2,BO_LCB,500,4,5.342887746087161e-10,9.227812203803658e-15,4.849320363355795e-08,5.171210177618457e-10,0.9227812203338904,2.6046655792729263e-06,0.004876381164987055,5.200277565093766e-06,0.9276602557090793
345,mg2,BO_LCB,500,5,9.483112939815559e-10,0.020860140163822163,1.835549964107375e-08,6.930437756772309e-09,0.9271173409691643,8.275059332310006e-07,0.004442212650451597,1.1469133840957817e-05,0.95242054752362
346,mg2,BO_LCB,500,6,1.8815175240086852e-09,9.250193661965486e-15,3.028463488487516e-17,9.448506103032447e-18,0.9250193661718827,0.0030379830384074853,0.006554363901325354,2.1938603601584255e-05,0.9346117149931424
347,mg2,BO_LCB,500,7,2.291865561761622e-09,0.020841147647491298,2.5231304775418953e-17,7.722114722898385e-18,0.9262732293831418,0.0025319907229565475,0.006482470567665727,2.1362503968843328e-05,0.956128840613121
348,mg2,BO_LCB,500,8,3.0288496113208946e-09,9.249068418605744e-15,1.1284159983003429e-10,4.086424907661611e-08,0.9249068419149599,0.001022468438077164,0.005771073338469718,2.502020443786068e-05,0.9317004276974563
349,mg2,BO_LCB,500,9,2.2456282237239334e-09,0.0208722830458126,9.216805680613904e-10,2.677909417971604e-08,0.9276570247504053,0.0008700408084552013,0.005006321791650905,2.2234338280197698e-05,0.9544057003427271
350,mg2,BO_LCB,1000,0,2.223169559865746e-09,9.26681050526084e-15,7.897949669095935e-10,4.273185942963121e-08,0.9266810505794428,6.617995301917747e-06,0.00429311904231777,2.3277872043630884e-05,0.9309808333618957
351,mg2,BO_LCB,1000,1,8.619372939714575e-10,0.020167215094431534,6.474880751052777e-08,2.9581832700470877e-11,0.9906431396873385,1.813193611865206e-05,0.006283759384784784,9.464470595226139e-06,1.017112311743
352,mg2,BO_LCB,1000,2,5.455818197180383e-10,0.020865193374785446,2.8710836651662765e-08,3.817322978720221e-09,0.9273419281463182,4.971799577766011e-06,0.0041452162147482255,7.455375878231734e-06,0.9523573426091712
353,mg2,BO_LCB,1000,3,4.642649950663163e-10,0.020822989310859547,4.316714045982277e-08,4.088240113500347e-10,0.9254661919584386,2.3649244666986417e-06,0.004381928220726288,3.536818161066672e-06,0.9506735184547206
354,mg2,BO_LCB,1000,4,7.045544017396367e-10,0.02071784440654786,5.087409875080953e-08,3.929941257044962e-10,0.9207930851137093,2.723536212056035e-06,0.0050595421108841675,5.369313081515798e-06,0.9465732471390006
355,mg2,BO_LCB,1000,5,2.0511827815545527e-09,0.007554954502522936,3.244216699496388e-08,2.1705322762930733e-08,0.9987018457800464,2.0276048783309498e-05,0.009069173981023077,2.690517631068616e-05,1.0153463065110482
356,mg2,BO_LCB,1000,6,2.7666207735523938e-09,0.020850431054262094,2.5084239073979224e-17,7.687329082499949e-18,0.9266858252154369,0.0025162182105995592,0.006599572495696947,2.1331276536551426e-05,0.9566520497426163
357,mg2,BO_LCB,1000,7,6.273734980328817e-10,0.020846431470651496,4.3188404317040117e-08,4.217733875826812e-10,0.9265080657070024,2.3720049395501294e-06,0.004409206752528074,3.476546374477576e-06,0.9517661201726728
358,mg2,BO_LCB,1000,8,3.2253966188995837e-09,9.22372680769287e-15,1.4099964384728998e-10,4.1971532348848696e-08,0.9223726808639291,0.0010559776283087627,0.005922276442030052,2.5950573765725877e-05,0.9293509802722058
359,mg2,BO_LCB,1000,9,2.47864988376397e-09,9.27337192978521e-15,8.008659735127554e-10,2.5706739639086973e-08,0.9273371928934464,0.0010625332576574443,0.005068986786530177,2.258691980075108e-05,0.9334687419238988
360,mg2,BO_PI,100,0,7.000219861899698e-10,0.00984631120375233,2.4466271734167765e-08,4.621518582940165e-09,0.9362382803530359,1.742886448259074e-06,0.004721439048013701,1.1187292324676204e-05,0.9508078032790626
361,mg2,BO_PI,100,1,6.289806560087796e-10,0.0005495076295492154,1.8516418111969986e-08,1.794581073622883e-08,1.0036860577510986,4.347343563589491e-06,0.005627004700156077,1.8100815488824583e-05,1.009866954515577
362,mg2,BO_PI,100,2,2.412316527293728e-09,0.021059357295551993,1.4181583378299438e-10,3.691285815667456e-08,0.9359714359462598,0.0007549443273894248,0.005168214411964393,2.2063996649516556e-05,0.9629539914481561
363,mg2,BO_PI,100,3,2.8170609872676705e-09,0.020197027200025013,3.5091315839328287e-10,2.9952054195361975e-08,0.9393009440851668,0.0008536238226891225,0.0051488305644426455,2.3340085296311108e-05,0.9655004587923519
364,mg2,BO_PI,100,4,3.0644015245975217e-10,0.021109903435124068,4.2095669156793136e-08,3.3690893581839506e-10,0.9382179309927158,2.3986512636294847e-06,0.004114086007116001,2.0276205563693473e-06,0.9634443618252377
365,mg2,BO_PI,100,5,2.6032178180576722e-09,0.007567497776410271,1.5697279099692348e-11,4.70510886764909e-08,0.9456504736167916,0.0007594520143607941,0.00549592934455027,2.4747175490535886e-05,0.9594734024221167
366,mg2,BO_PI,100,6,3.3686823295091653e-09,0.005539843337165885,3.8840023803907076e-10,5.700671330521401e-08,0.9341678928714918,9.244582979108245e-06,0.005729767006537236,3.101080178890294e-05,0.9454468085619699
367,mg2,BO_PI,100,7,1.2543031374557846e-09,0.0028984252148117275,9.035541659967883e-09,1.606438060063354e-08,0.946566692203507,5.443828926275863e-06,0.004981565838876619,1.6905682266472497e-05,0.9544521534403471
368,mg2,BO_PI,100,8,1.1340514979283653e-09,0.02088107483304267,2.9133182257456272e-08,4.551748987484497e-09,0.928047770704156,1.3648055478046783e-06,0.004836703035474809,1.0725981894725185e-05,0.953766948197204
369,mg2,BO_PI,100,9,2.6600711732165463e-09,0.02085465175654806,5.717367131605129e-11,4.162105001395268e-08,0.926873411740194,0.0008409556460782341,0.005480715789772798,2.516335599704149e-05,0.954049779270888
370,mg2,BO_PI,200,0,1.7106718628009236e-09,0.020965106653950766,7.422243661546026e-10,3.898683085902275e-08,0.931782518375605,6.072508363687145e-06,0.004030048203026317,2.1760463990017406e-05,0.9567837871806729
371,mg2,BO_PI,200,1,4.5035373468864823e-10,0.002945374322519695,5.49219206932535e-09,2.19976510138323e-08,1.0202346614659246,3.1318504796513765e-06,0.006494547248153955,1.5731623758999356e-05,1.0296777428272745
372,mg2,BO_PI,200,2,1.4889005544191488e-09,0.006381296875790735,2.764545915505888e-10,2.7290078949843315e-08,0.9531699580036878,0.0008780470805804924,0.004991320180223401,2.008282439951492e-05,0.9654206511957165
373,mg2,BO_PI,200,3,8.102178372919202e-10,0.020967835241276933,4.0187976430972264e-08,3.590425810317884e-09,0.9319037889598187,2.065967944382238e-06,0.004956728618968086,9.720423919390544e-06,0.9578304633766282
374,mg2,BO_PI,200,4,4.1317159872127113e-10,0.020900076024051206,4.0023939403361634e-08,3.8035099820170453e-10,0.9288922681845677,2.2033015709976393e-06,0.00412912911676981,2.387431453841496e-06,0.9539237174444216
375,mg2,BO_PI,200,5,5.090335333199061e-10,0.007118464301585527,1.718429001768455e-08,9.285412174959225e-09,0.9448901959897499,1.050036373134631e-05,0.004304646808084543,1.011432453824168e-05,0.956323834441887
376,mg2,BO_PI,200,6,5.773800210597311e-10,0.02087642702834682,3.6716354959630694e-08,3.771906593534162e-09,0.9278412017278104,1.84576331398549e-06,0.00456169461525704,8.968745656972848e-06,0.9532812102003697
377,mg2,BO_PI,200,7,1.5895545998622006e-09,0.011567188367252398,1.4467576520371157e-07,4.0913683458586856e-19,0.9877432683644933,4.091368699852753e-05,0.01120907892488959,5.453242572166402e-06,1.0105605956089536
378,mg2,BO_PI,200,8,2.3090076178157966e-10,0.020917332241261834,3.602634631484375e-08,5.777610863833025e-10,0.9296592110095233,6.428058357905228e-06,0.003929475957715144,2.644851371617508e-06,0.9545124841018663
379,mg2,BO_PI,200,9,7.94762655256526e-10,0.02102964369264903,1.6936313580631653e-08,6.774743871934152e-09,0.9346508311669679,7.694500555791555e-07,0.003989886786922418,9.992306014065178e-06,0.9596711556024151
380,mg2,BO_PI,500,0,4.453057002280673e-09,0.0015684542043632509,2.1535551238875697e-09,9.496717025279342e-08,0.9624453518505323,2.9076753953258608e-05,0.00749866272420252,3.862290007528311e-05,0.9715416471068337
381,mg2,BO_PI,500,1,4.942824828562061e-09,0.00030035074165819087,4.2351049236863624e-08,7.555305753272819e-08,1.0642119128323742,1.1004707080371544e-05,0.014211094762379497,5.105754065073923e-05,1.0787344858904238
382,mg2,BO_PI,500,2,3.4893135422118626e-09,0.017253689393913276,8.123187578674525e-10,5.762985651228449e-08,0.9472456924884288,3.121404785358033e-05,0.005696380851363061,3.1684808318683225e-05,0.9702270387130475
383,mg2,BO_PI,500,3,4.75619904242322e-10,0.002703558584213423,3.2532156791000646e-08,9.160002532220902e-10,0.9326474918391515,1.703713694241707e-06,0.003984536718760413,4.10050580487821e-06,0.9393373247795965
384,mg2,BO_PI,500,4,4.320017222370595e-10,0.020870106297488537,3.836504284878072e-08,2.4962387788461786e-10,0.9275602803157021,2.534930440342416e-05,0.004306051606559356,5.612053831324522e-06,0.952761826570822
385,mg2,BO_PI,500,5,1.2736365244098876e-09,0.007649168620750934,2.337584284568469e-08,2.0577459197547112e-08,0.9629856154942066,1.5090051791516659e-05,0.007198077300943641,2.0516935968144424e-05,0.9778479966946313
386,mg2,BO_PI,500,6,2.6159725394497373e-09,0.020771014681159303,6.808393114412583e-10,3.094055548292535e-08,0.9231562085417463,0.0009869755124227476,0.005642512635174059,2.5799007626910515e-05,0.9505567456078697
387,mg2,BO_PI,500,7,8.557452950184861e-10,0.020868506583132614,1.8641860954223144e-08,7.039334768231389e-09,0.927489181776316,8.412758800191669e-07,0.004283221320135816,1.1070034339668439e-05,0.9526417774924055
388,mg2,BO_PI,500,8,5.203281425557754e-10,0.017816277428587525,1.3301031002566762e-08,1.827604549892962e-08,0.9551745583444868,2.0091620243616004e-05,0.0041087837324843765,1.4049236335250758e-05,0.977119743223207
389,mg2,BO_PI,500,9,2.448845256612159e-09,0.02081407216946694,9.325987481777315e-11,3.9408776895219157e-08,0.9250698746349431,0.0007526631148510101,0.005269365154118367,2.282075992778206e-05,0.9519060170242614
390,mg2,BO_PI,1000,0,6.094141295153905e-10,0.020827512297923532,3.987083582397851e-08,2.7165943692927003e-10,0.9256672136319998,2.365968489112369e-05,0.0044693796986681866,5.944555995052926e-06,0.9509878060653921
391,mg2,BO_PI,1000,1,4.366845018015095e-09,0.0007314582593508562,1.5949320464018683e-08,1.452612288341571e-07,0.994991830257555,6.505372959862574e-05,0.012718245503916432,5.849196674661147e-05,1.0085067533278154
392,mg2,BO_PI,1000,2,4.988100728948161e-09,0.016851168593537184,3.997082216088234e-17,2.3212663809557264e-17,0.9652587464611756,0.004184315515449561,0.011962569846111517,4.4952521352860195e-05,0.9982568054043747
393,mg2,BO_PI,1000,3,7.552375691360602e-10,0.0027926508477014184,3.171604925929546e-08,2.4537977925230785e-09,0.9356099023881911,7.315390028601179e-06,0.00465116024757973,6.766468600498569e-06,0.9430610637985855
394,mg2,BO_PI,1000,4,5.225976960466378e-10,0.020798813094832905,4.526465622534409e-08,4.1890725068035694e-10,0.9243916934300569,2.4631619135306456e-06,0.004534140602154895,4.016247656032617e-06,0.9497271564951194
395,mg2,BO_PI,1000,5,4.4655268703939916e-10,0.014867986814828427,3.0403153879964e-08,4.342135885509297e-09,0.9294432206803204,1.6038377761677824e-06,0.004066141576635782,7.6250579008454755e-06,0.9483789881014032
396,mg2,BO_PI,1000,6,7.096179324676895e-10,0.009369048623534014,1.3633982329339763e-08,8.85131707477427e-09,0.9588829661508321,1.5898802950860173e-06,0.0045359783170319055,1.1778442648118854e-05,0.9727896061666105
397,mg2,BO_PI,1000,7,1.344420922309046e-09,0.0027918771096877666,6.190273851100872e-09,2.038660055468354e-08,0.931536881382298,7.868963415628536e-06,0.004416985702243966,1.6911024358861426e-05,0.9387536410789407
398,mg2,BO_PI,1000,8,2.0924935726709902e-09,0.0033260576296105407,1.3071222461158996e-08,4.455032756213694e-08,0.9863880207125608,1.067753184824726e-05,0.0070239459252731135,2.525155062673056e-05,0.9967487615133364
399,mg2,BO_PI,1000,9,1.1664882156531124e-09,0.020850706605929,1.8746290066066212e-08,6.983070579175325e-09,0.9266980717610036,8.451635549777818e-07,0.004450292960222369,1.1468517406534954e-05,0.9519999433865589
