,microGridType,Iteration,PowerLossDev,FreqDev,DVmin,DVmax,DP,DQ,Imax,PowerLossMean,ObjFunc
0,mg1,0,4.120293458995589,0.0004309719454726185,0.00019198053759339457,0.00013501221235592123,0.10671892282621384,0.02403701212328395,0.31585869105301084,2.0271958497331775,0.6525237213847884
1,mg1,1,4.569364274018445,0.00010416301307885325,0.00017077720337464443,0.0035546932668522485,0.917414784487583,0.8284701745316028,1.0606267486392806,2.1346185298588245,1.0542436593086024
2,mg1,2,4.3818418859214106,0.00019691848139900874,0.00028820628061334343,0.0016076746932943006,0.625630546955984,0.4155530653394142,1.0112071744629867,2.090425138485999,0.9194750674478717
3,mg1,3,4.404442405303267,1.0145723470998665e-05,0.0006135085855953421,0.0034378441423935416,1.2771030110396537,0.32867263475789527,1.5095242728792502,2.0958272279343317,1.074829117490218
4,mg1,4,4.46906307494264,6.681276830338663e-05,0.00010446073342829641,0.0004783658074879955,0.8186673934272637,0.2793081568611951,1.5531258901390275,2.1111527637659426,1.0172591649541922
5,mg1,5,4.219050532516179,9.572517613703765e-05,0.0003113819233492132,7.868204669826093e-05,0.4085608161394566,0.21558945916020725,0.8819142294015115,2.0513044693400664,0.8179429751947912
6,mg1,6,4.365562029100833,4.565590451694949e-05,0.00011846425626563296,0.0003561321755276802,0.16655866116974666,0.5561526884975185,0.5857885394024426,2.0865739372912664,0.810654595786693
7,mg1,7,4.269019932866096,0.0007320148722944211,0.00029356566107462486,2.598652707957589e-05,0.14812803447843562,0.722131467251099,0.9491319283890938,2.063361138436084,0.869923275720739
8,mg1,8,4.088746470975509,5.938045691687679e-05,0.0004188297511491223,2.5291056101843845e-05,0.6413471167810164,0.1268652516403384,0.8164660267920194,2.0194325588548123,0.8105611953504359
9,mg1,9,4.252859274426443,0.0001279812055678505,0.0004354440825209494,1.6666581224509832e-05,0.3274485947928298,0.4949110595477628,0.7118004349671515,2.059210136908795,0.8267999222290715
10,mg1,10,4.224320367091058,0.000276027110618198,0.00012594675496348392,0.0004664983372687401,0.19825781565465658,0.03201045564536696,0.2708557014885155,2.052489566100195,0.6751875445832068
11,mg1,11,4.167006249227322,0.0004065116771064699,0.0002019954776329609,0.0002323429977397066,0.2042204830843034,0.06568213081371943,0.5671565595553211,2.038687668065157,0.7149866104047352
12,mg1,12,4.261708019796554,0.0005393266174862341,8.864319978296824e-05,0.0002673019872562296,0.1334239599997213,0.12674579273266876,0.3143496838634377,2.0616173380298752,0.6910175325995581
13,mg1,13,4.1468882580535595,0.0001325885398346753,0.0001755342532396161,7.724278063843816e-05,0.3210757124063721,0.010374511237464164,0.36287497905434324,2.0336145437738646,0.6916569751893501
14,mg1,14,4.169632035432336,0.0005032967833664204,0.00012077416924135556,0.00014588807062273994,0.1655692706316118,0.013098822889490627,0.26259131642749206,2.0392853788259817,0.6588087720577374
15,mg1,15,4.133177083128436,6.345234946817867e-05,0.0005141101353108812,4.3317586196361856e-05,0.1839414515459896,0.35595843690447593,0.5679994462930429,2.030367454864921,0.7488138997061313
16,mg1,16,4.2118705093600335,0.0007018156397680821,7.787979208079686e-05,0.0002732781374412992,0.1516364112702981,0.030850279721149728,0.31410164634499627,2.049498217042321,0.6727874028951096
17,mg1,17,4.763660849983975,6.938430608046372e-06,7.644830024330519e-05,0.0005140489871630418,0.8988390372601915,0.7440694941529683,1.536314537729919,2.1792330630446703,1.1347830506921526
18,mg1,18,4.255582742751699,0.00017409092694149224,0.00016619982121562497,0.000707616771773323,0.2852556802716307,0.08343084888663478,0.7414320815865435,2.0601675869083027,0.7666784658594912
19,mg1,19,4.20255722570408,0.00016175692041567986,7.35066157944865e-05,0.00023960531910809335,0.20737246693329153,0.11153836161173462,0.3042987954062412,2.047252791624197,0.6894631026443808
20,mg1,20,4.33261594057309,1.352578336071043e-05,0.0003936894842266556,0.002925655124169929,0.9869870800637471,0.16172382928605736,1.0997515236758886,2.07871352583331,0.9406301777129344
21,mg1,21,4.471832427768751,1.1495608056774319e-05,0.00030503887079717687,0.004005157256054166,1.1979531049652958,0.25774143876860944,1.355737005489499,2.111685489060154,1.041083666961009
22,mg1,22,4.15220365883914,0.00021194636901214839,0.00027275624466274577,0.0006561265442049819,0.2733485527887148,0.05459356763107427,0.34646104309106845,2.034979628316134,0.6896782359296967
23,mg1,23,4.261431972859627,1.2755674283110176e-05,0.0003909654717229111,0.00018412605554392867,0.8607828647849454,0.09911732024476391,1.568659486677551,2.0616243988405203,0.9700827845383481
24,mg1,24,4.260186918547534,8.883880334972585e-05,0.00011810515692176613,0.00017294115772696736,0.28582791688111026,0.15576435537706876,0.6327937899696764,2.0613067711851913,0.7621361236990554
25,mg1,25,4.09879014654786,0.0006060588430324422,0.00044005320329247013,7.532178758357788e-05,0.21299852795856059,0.481023189629643,1.0452013653898606,2.0218971513136093,0.8341620947656904
26,mg1,26,4.393548848227295,6.53291392207208e-06,7.927253387257436e-05,0.0007302270252524118,1.0755589240618928,0.19285169477839337,1.1798324616944798,2.093171360936866,0.9775154230335866
27,mg1,27,4.158462372408101,0.00032948758682121515,0.00028634509838469966,0.0006394774657158127,0.2727699061033144,0.037182076920979544,0.3299042780720869,2.03649793083123,0.6856534205222005
28,mg1,28,4.323490217912742,5.3974166971898185e-06,0.0006593458206904636,0.0002711443176077966,1.3689590600593255,0.17376880619569068,2.1426705908628727,2.0764625780309958,1.1442606517979466
29,mg1,29,4.145456942509548,0.00010530984451937326,0.0003447086288768863,0.00012543600541570517,0.24973199282249323,0.11079322618730907,0.44047824943093367,2.0332928289767986,0.7067194093470136
30,mg1,30,4.496458479707529,0.00010041314779551444,4.4700081882837474e-05,0.00023525112583822167,0.6784922754895986,0.6517568513016238,1.2536870670388933,2.1175252554927937,1.0115392911275944
31,mg1,31,4.127041244474784,3.2309987382781756e-05,0.00016114452962288925,5.2429716027082565e-05,0.22707644019727943,0.038704383809334636,0.5261376233084581,2.0288238609526017,0.7027436537175556
32,mg1,32,4.16351263056432,2.7155695358070857e-05,0.00017628997382260832,7.87343977517095e-05,0.3935969396503726,0.03495482089182491,0.43588292743388746,2.0377644935905845,0.718318499801048
33,mg1,33,4.231314541735635,5.047772149625867e-05,0.0001650534570729244,0.00019713607326245748,0.6941863501394203,0.06319582205808806,0.7948799815047223,2.054263345109084,0.8262841946699567
34,mg1,34,4.278926519063695,3.3372057066591495e-05,0.0004702520159943548,6.348280293925602e-05,0.745210227095943,0.40149214247626475,1.3433554468038233,2.0658348483504105,0.9670787774736752
35,mg1,35,4.312873399139154,2.9634043065212405e-05,7.284856472539698e-05,0.0002285346611859537,1.0531936948197895,0.1867189844682774,1.359479553305337,2.073939639467804,0.9875138070002193
36,mg1,36,4.217435551339009,0.0002756171752883917,0.00016425706577739165,0.0005851637421829694,0.3498084278166072,0.12365697261777446,0.8779344784955183,2.050907819737051,0.795694352607451
37,mg1,37,4.099678097406999,0.00026543626919496056,0.00033051736778628256,0.00022683993155402603,0.20477647401734045,0.038571384022137056,0.27308690003993313,2.0220834519326405,0.6595622355792778
38,mg1,38,4.243513514210869,0.0006904996388922351,5.284060636745756e-05,0.00031077158269527305,0.14679905189597878,0.07857799802217388,0.36624777031114575,2.057235061268278,0.6908846351811604
39,mg1,39,5.0046282900420795,1.6931625709851358e-05,0.00022734820659693074,0.0012428839551554467,0.67840680782364,1.609948409723615,2.190173433731737,2.2334643018111793,1.3549491578726476
40,mg1,40,4.195654077143144,0.00014676155080494408,0.00023415435972114014,0.00013018426760860017,0.6573182189104401,0.10955009720685702,0.8007624428356176,2.0456023412249476,0.8233994194677419
41,mg1,41,4.7178898874635395,5.465333560736065e-06,1.3589190554907438e-05,0.0015069113182800888,0.9972655942486504,1.0479459941728224,2.5329751133837752,2.1690645081067856,1.328228936444455
42,mg1,42,4.305280619134133,0.0002568497096624567,2.9258533862350533e-05,0.0002667008807612167,0.4298938824947295,0.14725951238045662,0.9049986788358017,2.072223090067179,0.8268550717099153
43,mg1,43,4.156274284431242,0.00020947950305235045,0.00016184880884164752,0.00025623684306927603,0.15974073197959435,0.06332049256157614,0.5378341831304752,2.036083395228611,0.7025424653225502
44,mg1,44,4.20923019426087,3.8120544570309075e-05,0.0005212591876442628,0.00014474838689855217,0.8004069899335928,0.04960561997473021,1.4046751602833507,2.0489423559182103,0.9235174417959511
45,mg1,45,4.3450651275613295,0.00010918961556960104,4.577405228327895e-05,0.00031859634201381103,0.4326647656928393,0.27598866037167286,0.9105545483941285,2.0816854363480823,0.8521066660042624
46,mg1,46,4.118624720060164,0.000168202191055453,0.0003343300189313771,8.785048049566665e-05,0.13218954883440498,0.1066802490234358,0.47719175757245996,2.0267768841413907,0.690753808311564
47,mg1,47,4.144318913836588,0.0007670637848964572,0.0001320722653981659,0.00027780693041205823,0.135072628966801,0.02190546609752596,0.4542967187449033,2.0330084411053235,0.6795386672323607
48,mg1,48,4.160649774956125,3.1169155834147235e-05,0.00015056498798033822,0.00039154924181250794,0.2758117625297249,0.047685322139220894,0.702998475965009,2.0370354249715845,0.7411026598536724
49,mg1,49,4.189746430552115,0.00031862757200974706,0.0002394223768549576,0.0003176272511423688,0.1874957169261926,0.19129579549316264,0.7054637785602949,2.0441556055610013,0.7535539141045388
50,mg1,50,4.273557417433045,0.0002559503933605154,3.429463571155504e-05,0.0004709502226838692,0.11808159945785622,0.1547653679302241,0.4222125448689856,2.0644559376586953,0.7099111607059809
51,mg1,51,4.308100429697948,0.00013432912460892678,0.00015251012658030737,0.0010895412536450085,0.545365658161034,0.09591754405318006,1.1032978689775073,2.0728842218172505,0.8648654116277861
52,mg1,52,4.809123334187849,1.6304861889538154e-06,0.0003262866546242778,0.003456907172828286,1.1656203131932372,0.9323429455986993,1.9398808745846918,2.189675257106231,1.2643931845540168
53,mg1,53,4.185151980312323,1.2540656916261832e-05,0.0012554115335770796,0.00029130639846596163,0.9428232777469412,0.9671015719326149,2.5003214438745585,2.043107899956205,1.228136790350771
54,mg1,54,5.4299568311409026,3.888013494143005e-07,0.0031727723340838946,3.826740239277803e-05,2.3635827760993275,5.974429016807278,9.237909951335746,2.325678023758961,3.2870128577030115
55,mg1,55,4.113342016508362,0.00012033343074903127,0.00025914448549258396,2.403375977411848e-05,0.5655648002269077,0.12931294088200262,0.7267716039194057,2.0254936512377206,0.790770696173242
56,mg1,56,4.142482775348248,0.0002038320569525539,0.0001989416337794138,0.00014245386237191573,0.5085977039570859,0.01035628691045268,0.6592112134838031,2.0325781465781576,0.7601704581789562
57,mg1,57,4.1406311583221465,2.4508473357490378e-05,0.00022746647444806922,3.194618239257608e-05,0.8388758721027394,0.050308157264437804,1.071678989994433,2.0321728241993107,0.8716825855448508
58,mg1,58,4.680189396696317,7.248605311397841e-05,5.990772683464741e-05,0.0004714386124705822,0.5506711342149919,0.7601792738340024,1.7510948112121318,2.1603999383606336,1.1061054926214087
59,mg1,59,4.206234251124606,0.00044253587266729154,0.00010864349237797293,0.0005265738475999829,0.21219886447169045,0.024391808224098147,0.3251134985403054,2.0482038121984223,0.6812880250819064
60,mg1,60,4.3643274887244345,5.0588938463969795e-05,0.00017514836485508787,0.0005331413719229581,0.562763100570796,0.13738822326709607,1.1103734633608127,2.086268223270627,0.882230164942626
61,mg1,61,4.164154151028471,6.27057315463927e-05,0.0002556885838575582,0.0005587370741003615,0.2973946366999084,0.02833030108452393,0.49111241977414843,2.037917134191571,0.7116955199966509
62,mg1,62,4.181106299526153,0.0005660082681463822,8.594956824039396e-05,0.0004809787980321012,0.2031505228842685,0.027002692102232592,0.5675905653633504,2.042025331176356,0.7114261452157749
63,mg1,63,4.430774089053279,6.048424482030813e-05,4.9350356640186526e-05,0.0016082193539874777,0.6851773609762256,0.1915286617776289,1.2507059165241805,2.1021307488653638,0.9371291546123945
64,mg1,64,4.048472581579933,0.0004921008176403473,0.0004694892149663039,2.3328120284324504e-05,0.15119506572596528,0.10440749286642272,0.46516702494685824,2.0094162864394187,0.6814610118960099
65,mg1,65,4.229891531969529,0.00016540498957984506,0.0002588640031832614,3.697742144168735e-05,0.25731154115595395,0.4796392361809165,0.7009327752038041,2.0539403756204715,0.8097480472749155
66,mg1,66,4.1285976884796876,0.00010769927444341766,0.00023457229129033246,5.804188113893746e-05,0.3477880340068693,0.01666126158501838,0.3910182488088165,2.029226312545055,0.6977807923324664
67,mg1,67,4.24421614503233,7.71986872095496e-05,0.00040739275997239027,0.00014174008212528182,0.6993591697179536,0.18947236045178056,1.4626858428806675,2.057426263927731,0.9423371213731484
68,mg1,68,4.132918924194194,1.4664165241100482e-05,0.0005606475566769004,8.356439868748567e-05,0.7265290711790889,0.05917727611579348,0.78048600017705,2.030357335335451,0.8142528782552475
69,mg1,69,4.574681681270383,2.425711931473617e-05,1.963115207294304e-05,0.00038027966767737907,1.2652089922253065,0.9753096589862168,1.8916303389180007,2.1358578758522633,1.243893548476996
70,mg1,70,4.197031934173335,2.861657795595168e-05,0.00017919376828237608,5.2080031617136206e-05,0.19610630769459422,0.23129197689035114,0.5399909564076555,2.0459725029332025,0.7378115807919704
71,mg1,71,4.169285553085157,0.00011186410167315295,0.0003084326348600298,0.00026075591928691644,0.211363769070207,0.20228811342503095,0.7250417515621189,2.039199222140871,0.7583800342569049
72,mg1,72,4.252678507838718,2.2699829834538288e-05,0.0003093628873857826,0.0006026313450708625,1.2035026507593918,0.027481309558362504,1.2448877268161826,2.0594031700038595,0.9613549841478495
73,mg1,73,4.162229944811051,0.00020575046778263163,0.00010218208721109138,0.00018764945390492912,0.13433634732570757,0.022297290637570664,0.4485224358499767,2.0375216188729635,0.6811259429476008
74,mg1,74,4.219401509966521,4.4265441572363945e-07,0.0004101951711733323,0.0005331895010268027,1.319712011168827,0.04576065225801988,1.385156271141494,2.051327430522342,0.9958534674087824
75,mg1,75,4.550237082469617,0.00029623286301117593,5.3540127112777006e-06,0.0007509100290571059,0.18439679315398655,0.8383921923987074,0.8644843955389778,2.1302353763693436,0.9197947086380098
76,mg1,76,4.1705512163542515,0.0003855351059140052,7.356081497156706e-05,0.00020208830940740468,0.15168316642966997,0.011549370080645108,0.4761434409361123,2.0394699933300706,0.6872269111472817
77,mg1,77,4.14855079554835,0.00012035394033012971,0.0001315791709564721,9.80789114079849e-05,0.1940030273658435,0.05040465050265566,0.5505249598664601,2.0341078722015533,0.7062619207580004
78,mg1,78,4.991905599526924,0.00010229305267803341,0.0003080708443598168,0.0004594655330054554,0.43345292385558865,2.0174671932186516,2.1984855336612843,2.2307953638818825,1.3774544399560702
79,mg1,79,4.271867442027812,0.00012962292544624405,0.00012934499035756488,0.0003007751556342574,0.41708990740895385,0.09810256311142004,0.9466553494473853,2.0640484947644606,0.8191821435810013
80,mg1,80,4.383156235683059,3.6289515727070666e-05,0.00021605690531945745,0.0016508622869787991,1.0083727259846533,0.1459459964045316,1.7083653415986824,2.0907470538811332,1.0353919297684215
81,mg1,81,4.250064993877856,0.00011573738514213843,0.00028728681489372567,0.001011593001961715,0.40695171286485915,0.16474936605578294,0.580010742465719,2.0587954088642957,0.7718844903523162
82,mg1,82,4.349911027601728,1.1263648702510205e-08,0.0002543752499039039,0.0002959097268823092,1.675358468633916,0.2834591350656705,2.1535220250651106,2.0828262452743407,1.2089715646581227
83,mg1,83,4.344281253383682,0.0001851127430295282,1.5213961500596125e-05,0.0003723610692761387,0.6149912495033837,0.206191848670534,0.771286595356178,2.0814501712494393,0.8481890906696548
84,mg1,84,4.167635294114185,8.295711831995403e-05,0.0001603216199265458,9.81131848904988e-05,0.32076700273766556,0.023262954912375105,0.368432618000449,2.0387916717130534,0.6972056088125445
85,mg1,85,4.473444767477649,1.0223765481372985e-06,0.0001518352715832718,0.001223789080300672,1.7108120900589663,0.23268090859478316,1.8990414130082296,2.112200343680668,1.1881936894097227
86,mg1,86,4.200140771534573,0.0003461800980565418,7.795141222770142e-05,0.00017905812539327338,0.19232959617854753,0.0482857944713325,0.44403879335930674,2.046652987882638,0.6979140207399197
87,mg1,87,4.1532779628210355,0.00016857353441609253,0.0001352271633104884,0.00010845335648214986,0.21768710542910522,0.0365349699212739,0.3290074813164638,2.0351928976914926,0.6767028247917267
88,mg1,88,4.160879763668487,0.0004381686706057924,0.00011646751450042112,0.0001624465592192855,0.23169713230554492,0.06086683808645044,0.33862438943028,2.0371410149173834,0.6846836008907269
89,mg1,89,4.129828879314754,0.00036067523659786166,0.00014427257367981942,0.0001952480179790064,0.08230438256735664,0.03496485378276145,0.3709469926862001,2.0295457118695897,0.6598207577399042
90,mg1,90,4.33607316555056,5.357183416407009e-05,5.453237842327361e-05,0.00024839704132858484,0.6751772600929642,0.22597645336548242,1.4509367380084945,2.079527787125763,0.955502874038774
91,mg1,91,4.276959189794795,3.8717185318565034e-05,0.000180554897418746,0.00022120590269675785,0.531905323318754,0.06847063020936765,0.7018215594803041,2.0652996106448547,0.7970853115412364
92,mg1,92,4.222199966102749,0.0005220715192859815,0.00010023312747831127,0.00021748084153715996,0.09865632225529951,0.14983044795632866,0.3009588374059752,2.0520150439950964,0.6817836227440933
93,mg1,93,4.297123493217647,2.4421329885292052e-05,8.024628231774742e-05,0.00020953023580525104,0.5890737237871816,0.15578257213551672,0.7892009499691689,2.070130593721395,0.8330707052796462
94,mg1,94,4.117302189763134,3.9295083010557164e-05,0.00027681941564565595,9.209948516465913e-05,0.3683962402782919,0.042364264062158784,0.4231036847733515,2.026460422698211,0.7073677989801082
95,mg1,95,4.1284929861930175,8.269286165414273e-05,0.00022485092383617395,0.00014601491862172668,0.139423316389349,0.04295500162618523,0.3716888393234901,2.029263948976681,0.669001957462308
96,mg1,96,4.23677347641019,8.930677900152275e-05,0.00010733391343897505,0.00023327032659999612,0.31928482148577136,0.12111265864000798,0.4357831604900245,2.0555443004042098,0.730483432577862
97,mg1,97,4.176441617653634,0.0002953711304739182,0.00017274724437616972,0.0001272916528961766,0.4214018254625524,0.1453915991277444,0.5600338678273592,2.04096434313974,0.7576949028712908
98,mg1,98,4.151599173158399,0.0008345155420778654,0.00013714317699799178,0.0001541363773828664,0.11861998206487223,0.028258820294556144,0.42245116130791244,2.034847069082688,0.6745792759888853
99,mg1,99,4.436364238695564,4.654226675134543e-06,0.0013532327801707503,0.0004482358139969993,1.3962214048558512,2.0880441938745986,4.110298457446262,2.1033532896953866,1.7189620596704456
100,mg2,0,764.784606982841,0.6942779511386834,2.2015243921168846e-09,3.507711542192503e-09,102.44736700989162,5.855381369275128e-07,105.9432565402208,23.69110050894911,139.12421558219134
101,mg2,1,770.7748934909248,0.8433538849468007,4.6201494991797e-09,6.396390112332751e-09,195.74800541998266,1.883494757787554e-06,200.57212136546693,23.916687258107693,166.8483394365475
102,mg2,2,819.048016551356,0.06197724787573738,2.755813072660644e-09,2.435376281738282e-09,545.8640435153162,3.5820031850195514e-06,553.6791303759919,24.089096405212885,274.09331018253346
103,mg2,3,719.1512763604355,1.3007535089414244,1.1996991236085912e-08,1.9986621377304064e-08,95.47246677391057,3.596833540635975e-06,98.74062189291256,22.43420790375927,130.66644602357388
104,mg2,4,769.3286711895665,0.05759313917975855,9.534031005558521e-09,1.2292863412299587e-09,182.9794082690671,5.885524985166272e-07,187.67346525518812,23.704618650484583,162.86273406461675
105,mg2,5,876.4065349358981,0.36022407326262484,1.6850971041118451e-09,3.8835499679978245e-10,228.74659983573812,3.379190047777894e-06,233.8605772745967,24.88619353985338,191.33913421439414
106,mg2,6,808.5656511028407,0.9405381060412185,1.4708481862353058e-08,2.0226265405003335e-08,111.5718980366901,6.383778765626417e-06,115.15052277835066,24.00779735834132,148.03265949180516
107,mg2,7,832.4699164741049,0.04723002938528628,5.105108595290658e-09,2.348411946487026e-10,578.7170032776139,9.993917196672306e-07,588.6250971753307,24.534395310790522,285.6941782801666
108,mg2,8,921.6635517837575,0.33976572410342887,3.1064531015422802e-09,3.717786963717235e-10,151.7729372143137,1.588394854202071e-06,155.9543348503619,25.52846642198826,175.6757987377728
109,mg2,9,761.7463720502957,0.10502025932528827,3.6223588462132188e-09,1.8447358398870026e-10,179.377336524461,1.9473517146949788e-07,185.00265340310682,23.86032515239759,160.8901974908187
110,mg2,10,937.3447840726138,0.07146432249031656,4.084801605766019e-09,1.9685830355588635e-10,260.7111176250953,5.993318542015252e-07,267.3370880458805,25.887256657888944,209.35206495281332
111,mg2,11,855.7862248952279,0.11485798514216107,2.547047194882125e-09,1.5597545247126403e-10,541.4064419474595,1.8143796805209838e-06,550.785422861567,24.480726828062206,278.2989927866399
112,mg2,12,791.6936716125183,1.0552720154894883,1.3951392960884823e-09,1.1725192594920573e-09,128.20134715919463,8.366110140460331e-06,132.81103902921865,23.630077308943527,150.5373340264427
113,mg2,13,850.3701451811208,0.08249207663729387,3.622960410758258e-09,1.2888406897454893e-11,260.08851331490365,1.0427559314918745e-06,266.73952143316467,24.808006763583506,196.75438186460264
114,mg2,14,815.4600939865401,0.31872550456780985,1.802160872356808e-09,7.131517399720848e-10,201.1246278546001,1.3277348698079392e-06,206.88004222280685,23.96474315962269,174.82621298553786
115,mg2,15,965.8333431979282,0.14050585063773613,8.10985861038469e-09,1.6398382101606578e-09,359.49374871279906,3.116596267081167e-06,365.73952014203405,25.61906458250363,241.60101728996355
116,mg2,16,825.3066724492277,0.006453275521941585,1.013413676876345e-09,7.045372344547435e-10,709.3348884168914,1.3308734782602239e-05,719.9856496001302,23.964555775030544,322.09052529317484
117,mg2,17,860.9550437703582,0.45292075634419426,1.289758475249781e-08,1.7542642618542645e-08,325.31253778633305,2.488690319665884e-06,331.2893138711656,24.673770510534638,216.85854552904738
118,mg2,18,892.9946218626329,0.3210628103697459,3.9970143153709205e-09,1.926280750877949e-09,286.7331063029043,9.739275957571572e-07,292.40509286421513,24.977790950754382,210.3505549742819
119,mg2,19,896.4270203739698,0.814599496723798,8.475894974496694e-09,1.3870866505917507e-08,230.2829470029874,1.5154011135930641e-06,236.42418836954047,25.29846995517289,194.84982239728132
120,mg2,20,972.33565623872,1.0822687025223692,9.609372685940734e-08,1.1406667666705328e-07,191.38784453744873,2.7224367769707793e-05,196.70302264484357,25.785269646270354,194.50125993686612
121,mg2,21,853.3478225382394,0.005705896663171679,1.505003058124637e-08,3.1004613925414753e-09,688.3623243190987,2.121355932794345e-06,697.4004615839139,24.691047017474926,319.87375949677454
122,mg2,22,884.0335541024152,0.12292473409501319,6.686245037311364e-09,9.246057762725787e-10,297.67389110710315,2.68305550163821e-07,303.55594528153847,25.116886449775997,212.1980450715812
123,mg2,23,864.6477830261624,0.7601672485390859,5.834261422214781e-09,9.58057363014876e-09,181.52166817003427,2.605665016573922e-06,186.91532843022992,24.512803588843525,176.26356421372083
124,mg2,24,784.7186392900957,0.10629914920590636,2.0678104820756177e-08,3.138729296540607e-09,470.298491934858,8.679870662304644e-07,477.7091349397017,23.65732470632639,247.54750945795217
125,mg2,25,882.4779188285194,0.09772970593703588,4.318884530644211e-09,7.336826052594278e-11,194.47276669736885,1.862498497878333e-06,199.1603734355126,24.736993555049768,182.31554150488978
126,mg2,26,817.5001164899921,0.5956435150107778,4.3365196213392945e-09,6.65251618783631e-09,159.66993446348133,3.89034475590498e-05,163.9263925874109,24.11962319940161,163.0988751386188
127,mg2,27,884.3463606414349,1.509441541768111,1.6831802532343925e-09,5.014108574864035e-10,128.6744369785876,2.1508169873955795e-05,132.5547529314387,25.204905652568865,163.86928765765478
128,mg2,28,844.7306728281494,0.220319263127063,2.9787001568756465e-09,3.8352816485218976e-11,332.4163570797748,7.386781677626721e-06,339.82404692180955,24.418289422456493,216.74162906895137
129,mg2,29,795.7096906437171,0.23177405228972378,4.40066819643365e-09,2.5269063146790456e-11,205.43589722284028,1.1127092017441485e-06,211.26320982475985,23.632572220300233,173.2343675515346
130,mg2,30,891.6631641560795,0.2181548385687057,4.7851742149327545e-09,4.0533277119244653e-10,357.45634825387685,3.2096981315394983e-07,363.9690663159078,25.536854528459777,230.47239055579902
131,mg2,31,782.6379736606973,0.6962175740813887,1.7824345674516136e-09,1.4488652334676878e-09,107.85185754249399,1.4784085364581916e-06,111.38789374094348,23.613614399253624,143.22484914283658
132,mg2,32,853.4023910576847,0.3054974911355236,3.0587174660143817e-09,2.1910013194419174e-09,391.6479634488941,1.4677160407128529e-06,398.26959497438236,24.510831177181405,234.80363549215176
133,mg2,33,830.1401706180005,0.03476508306573061,5.936994944182078e-09,2.6650971857622316e-10,458.83736897770626,1.7085709669258788e-06,466.1511680537165,24.389088131630103,250.73763920675194
134,mg2,34,830.2212033734036,0.00556285495546554,1.6021928942900463e-08,4.710906494158426e-09,405.9259139860511,1.2826948024599031e-06,412.83784470967106,24.241675973771745,235.5700751753584
135,mg2,35,801.7566024237261,0.3416343116935149,2.5135882747262575e-09,1.0173699005989163e-10,322.75267138307606,2.7878453661654406e-06,330.03590697254924,23.761022765634145,207.84097398307222
136,mg2,36,901.6556129374927,0.3541510335158242,4.8683887903728725e-09,4.0279398977699554e-09,153.6944752313449,4.122311422998862e-07,157.88912483620416,25.267731120405763,173.3704806370979
137,mg2,37,777.9827759621116,0.15872446254681194,6.732280355943965e-09,5.450790243459605e-10,204.70792856454537,5.476599948083197e-07,209.6161121315279,23.754410901956046,170.3522202393813
138,mg2,38,907.697126075435,0.4867961994136881,6.142214029107727e-09,4.608086938693832e-10,335.50199784553763,3.15102877682556e-05,341.6439499127348,25.20371110679631,226.47570022143026
139,mg2,39,890.5597417016729,0.19919991028469905,4.009093688635134e-09,2.2713227833569321e-10,205.68067016137311,3.35944300242963e-07,210.56812233996394,25.196965147121794,186.71539063621077
140,mg2,40,859.0422518459268,0.13841573141578414,3.0393703759495617e-09,5.791311951674774e-11,445.33558333395,1.2931670429799024e-06,453.9260776301736,24.70343324545834,251.2060471196758
141,mg2,41,864.9575870884114,0.09395288028354262,8.652718462245554e-09,2.9426430910793844e-10,199.021776705316,6.646898838192923e-07,203.80586358246393,24.69704977306915,181.1255972757302
142,mg2,42,796.7722140836225,1.2260856949057004,1.4962220717383064e-09,2.6211812733375562e-09,97.22202295270687,1.003613706810871e-05,101.34547274774478,24.310750611588944,142.3665436456049
143,mg2,43,957.5783835733104,0.2804894537044354,2.5411011833128452e-09,1.5409196141332832e-09,214.93909808768015,4.403202333727642e-05,219.7622184177369,25.4511314217579,198.93717622407675
144,mg2,44,795.6209522633261,0.43167272004650226,2.072398803067057e-09,1.5114878897496106e-09,241.71527318038923,2.2062603491941556e-06,246.97917854028205,23.836911721784745,183.5352969876983
145,mg2,45,907.9286946534025,0.7510669485116059,2.0494591809048742e-08,3.153209008984122e-08,291.9128560363421,2.0584897152656952e-05,297.58173777414515,25.51850067637845,214.02491086418928
146,mg2,46,947.3133110465454,1.3532041423571592,3.21049645268572e-08,4.873237185148033e-08,151.31500806275625,2.165240121737961e-05,155.35077842280106,25.68357821736982,179.33318905824265
147,mg2,47,839.2019641886229,0.0028386063588949715,7.219074602697194e-09,9.388330602852097e-10,719.9621800218146,6.5983562140902175e-06,730.9022330534806,24.31228797084939,327.152746068113
148,mg2,48,787.1152536771241,0.43081288828695624,2.4991197716748856e-09,9.803033042271244e-10,140.93887193765684,1.5025842653500508e-06,144.98371112792603,23.757596290272843,153.35266444815107
149,mg2,49,812.7707486046199,0.06360878863201262,2.4611972252038998e-08,5.297539696989732e-09,295.2953232220558,9.239645661833077e-07,301.1914563298743,24.026329272694007,201.33159112843663
150,mg2,50,833.3736859777721,0.6198878999882794,1.891882710758231e-09,2.4098407181897933e-09,248.23469788370997,3.83777540185392e-06,253.55230069452944,24.353796380217165,190.825796614011
151,mg2,51,762.2079174576255,0.02157651238517105,1.7782058525063921e-09,3.920367075768682e-11,335.9417165121428,3.982057190256292e-06,343.36326449904357,23.15690062818269,205.93349699501024
152,mg2,52,795.921748888672,0.027088943629067195,6.238275078978098e-09,9.030288116490924e-10,190.38264591327507,6.673199658301954e-07,195.04382137054472,23.54089076816154,168.767900827226
153,mg2,53,857.121906970605,0.47778359254644814,2.065051022620256e-09,2.2586409272759323e-09,290.57978117193414,5.404400168833863e-06,296.2731277740506,24.505604039942032,206.35037213112284
154,mg2,54,824.7591420628775,0.32021365084325776,5.568385502591318e-09,5.3475366721638674e-09,207.13882495298915,2.759056858235803e-06,211.92489317306823,23.914393048246577,177.7347252299644
155,mg2,55,859.8290549661924,0.03136938945570465,3.2974476399433223e-08,8.19878057937526e-09,431.40223708928727,1.876293385359884e-06,438.52033314709695,24.53572871693268,247.11185664421419
156,mg2,56,872.0695207958105,0.27903714371287464,2.937456877673761e-09,2.22911965609006e-10,184.27327342548384,2.857770534751734e-07,188.8916659418105,24.93142452327876,177.93049965653648
157,mg2,57,779.0320628325918,0.025255960176973413,2.8831164240557266e-09,2.8408156291425766e-11,563.974818155386,4.031213439146539e-06,573.5098233174107,23.24036811543993,273.7917091856701
158,mg2,58,805.958682568836,0.9349935588870045,1.7295074437968383e-09,2.2458567598863503e-09,124.58251830446257,4.5691288699638076e-05,128.24143831886977,23.15987206646566,151.38823977804563
159,mg2,59,731.8716088665115,0.32857425433295334,2.0682588460694475e-09,1.158692737950821e-09,189.50592474824816,7.235442480077241e-07,194.2540762226802,23.237212967556932,159.4228835455063
160,mg2,60,943.8096031048693,0.2984147069878446,8.896244250676526e-09,7.63069322303406e-09,378.742651432039,1.6659482700920337e-06,385.18623668480177,25.58321978788791,244.00527251588187
161,mg2,61,830.9586429862063,0.7219524870276186,1.762890551713478e-08,2.1900905227533678e-08,201.52285803462885,9.073300367035802e-06,207.25137233904343,24.347335617441495,177.2078335656766
162,mg2,62,858.7424086095799,0.37351927286218983,2.885882442182622e-09,4.431589156597432e-09,288.15941364010695,3.0237976178320946e-06,293.8348945535228,24.616078378149176,205.87289130102673
163,mg2,63,899.7260828522686,0.7678292697042008,3.604937047407081e-09,5.7462250157380595e-09,162.5875402862128,1.081959123843984e-06,166.95692072708286,25.633417052898412,175.7197677466541
164,mg2,64,786.8164081476447,1.3554716898593386,3.5061536678485735e-09,7.750464390981327e-09,90.58045596997299,9.625896389524333e-06,93.77040321425855,23.42873021994801,138.93182123698406
165,mg2,65,865.4956733520263,0.038188773550803225,2.2204996529355492e-09,2.478701564934917e-10,431.54893565655476,5.464199068201608e-06,438.5116338893843,24.59602665551695,247.94206244831193
166,mg2,66,957.9123744183277,0.004653387367992536,2.388400755500391e-08,2.4680269752193696e-09,775.6380060007891,1.9769445845893573e-05,785.2461155567554,26.269042237200665,359.8287384512911
167,mg2,67,859.9804197674588,0.12425667791371803,4.1271972919812395e-09,7.332308704108791e-11,556.5229981257972,5.755803295535989e-07,564.5752463822856,24.92374536373245,283.02898879046234
168,mg2,68,826.4189817414401,0.0019460795018154562,8.248506246834582e-09,2.597444496672146e-10,355.10332848282127,1.5843444759462363e-05,361.3982471836561,23.86358220020593,220.4175027627675
169,mg2,69,841.4027750370429,0.0702914546523197,2.0278400084707616e-09,9.127753817692604e-10,181.88942562723525,4.458879668462277e-06,186.51197201181154,24.71986406992063,172.83920979893747
170,mg2,70,832.9437628002761,0.8993056424695152,8.839135360169812e-09,1.7058131679700654e-08,238.87047515531748,1.8700710139753805e-05,243.92542961402668,23.937242162816247,188.091284562671
171,mg2,71,835.1622840781763,0.05841402125923432,5.588767556271401e-09,3.3110608729795803e-10,608.7570110591397,1.043752119779562e-06,618.8142350908693,24.321719494075566,294.68456361415946
172,mg2,72,875.0031333553713,0.3373618791164371,3.191027436785132e-09,1.0528568624450875e-09,247.63865266063712,5.918570536052903e-07,252.98558640122,25.022318905552357,196.56639069892086
173,mg2,73,773.8108465430786,0.3843022408572216,4.223800284827361e-09,4.272526831785143e-10,131.3920434820156,8.988900786108957e-06,135.30606578814312,23.551660010719175,148.69903814966375
174,mg2,74,859.9485535946407,0.2646762372933182,5.391023583029217e-09,3.0783002861263643e-09,217.3753581201774,1.7524088108973922e-07,222.2766025225734,24.280236287712512,185.69502723691357
175,mg2,75,862.8824572589887,0.2657893083368334,3.324005015648225e-09,4.920305945950514e-10,189.88495393989567,1.0957499224185823e-06,194.55030693415796,24.72594150003217,178.2262155058493
176,mg2,76,798.9911830673112,0.043439634548237446,7.619061216803215e-09,1.0542200996033825e-09,566.9149720752785,6.319823868456476e-07,576.646702247435,23.791657251778684,277.51375680931835
177,mg2,77,846.4493980912101,0.27182060696319404,3.560665296030909e-09,6.365989832711898e-10,213.6229212122135,7.943100452277529e-07,218.6535941793189,24.912903589816104,182.71396212688757
178,mg2,78,853.5340906076198,0.338970760151506,1.3285889028055242e-08,1.3941750278712841e-08,266.54262744920817,1.4681402708551682e-06,273.09641779206004,24.485286125329786,199.07315830062961
179,mg2,79,812.328368732688,1.2024162729172998,5.670590842736019e-08,7.200378699524736e-08,109.19517315017157,1.5681183663626802e-05,112.65328081675759,23.93475052827136,147.9113221117754
180,mg2,80,787.2055652188936,0.02936368119443194,4.623930430070967e-09,2.4833591183311715e-10,259.83535480004383,2.5329898555446336e-06,265.2873217189525,23.511636383190027,187.4796582795638
181,mg2,81,856.9644659675594,0.8192606831248512,6.420130859984535e-09,9.66963551413876e-09,248.47146291612046,4.892726098981195e-06,253.70278229363694,24.478656685933675,194.2797109670368
182,mg2,82,792.3038339625762,0.5912023492516328,2.9473018598038477e-09,3.986655593044919e-09,158.83025378512684,1.598624276960653e-06,163.99066688680838,23.848560227478547,159.38799408418873
183,mg2,83,808.158996250706,0.2058010128115972,1.0683025616308573e-08,9.63271157200121e-09,148.22210343734127,2.9320794144384182e-06,152.25137964120944,23.52097888436068,158.4054690420662
184,mg2,84,996.8876824986269,0.7895810475337304,2.2581819602070183e-09,9.833057668490093e-10,315.50185666544184,1.848597507044474e-05,321.3874664366867,26.124498155131622,233.50951501964366
185,mg2,85,882.929452030912,0.10090508812501563,8.646693768251233e-09,1.1290878853100985e-09,409.66670491570534,3.6439026742819804e-07,416.49146334421266,24.773944351782948,244.169789393303
186,mg2,86,847.1255952705033,0.21279201091404626,3.8607256431022724e-09,2.1416237651899552e-10,225.2092539458427,1.6272139039442378e-07,230.40147697161373,24.955935075724998,186.13558833795284
187,mg2,87,863.2286226784718,0.0007189720201776724,3.607647888110891e-08,9.844130906811003e-09,513.9868077384662,7.568397647641936e-06,521.8988538023222,24.95910118613919,271.3021444007998
188,mg2,88,915.860873624183,0.006629331678951643,2.471903053114377e-08,4.1168940275215495e-09,498.4019788125216,5.3823075431967895e-06,506.01123898385464,25.24947066102367,274.3258180233402
189,mg2,89,766.4204669880539,0.07222181664371186,8.325131487436254e-09,1.9266956769848652e-09,239.76758759307953,2.3778577640882928e-07,246.26754398023004,23.884278952071718,178.93254580372067
190,mg2,90,779.4515773283226,0.00012107364304315752,1.432661894419455e-09,1.1633792923234322e-09,736.0251667481774,1.8741778600155082e-05,745.3432063190972,24.04759723992776,322.974298601945
191,mg2,91,897.7175589253875,0.9100969206233125,8.292159139725298e-09,9.682330856882757e-09,155.6297595047096,4.554629508056141e-05,159.80722267410255,25.14720501433063,173.43781194129897
192,mg2,92,788.1340756001393,0.538624624846023,1.7564508574582251e-09,5.62200560218885e-10,122.51475243718724,1.6368785211202478e-06,126.30468347037797,23.800830334521038,148.2131625388211
193,mg2,93,800.7896283233976,0.9172673722030422,2.2407176363439117e-09,5.0490365201493e-09,106.45736932226401,8.07663894174811e-06,109.92762739977061,23.708060178380837,145.44170007165198
194,mg2,94,908.4386934261419,0.8144175855784427,2.2675725816662954e-08,3.402334407395835e-08,143.22222291376306,1.9014131093678015e-06,147.1934370435873,25.19622557138637,171.3812532753118
195,mg2,95,857.8780381217919,0.015565815729733616,1.1074908282431108e-08,2.2238841189632343e-09,532.7866430564808,1.6951958923638854e-06,542.322604351914,24.80551744916551,276.1432647220587
196,mg2,96,848.6791562994002,0.19957412100956254,2.880928830247685e-09,2.1359035328752483e-10,344.46390889197534,6.985599357525093e-07,350.73507353996814,24.51121629671829,220.5825305077154
197,mg2,97,853.964302320703,0.06574244103018234,3.325693868067318e-09,6.55845177704493e-12,499.4404166447743,4.000513891232834e-07,508.47833502706595,24.466239521999906,265.99268526242247
198,mg2,98,844.4341446201084,0.05163808574900241,1.349083171978195e-08,2.420400503899938e-09,615.178943521649,1.0389503011733285e-06,623.6534018844836,24.434948012298594,297.6168755952645
199,mg2,99,809.5557772706649,0.35288893054053216,3.494121026265837e-09,3.056671010353217e-09,169.21256558333323,7.03673619413762e-07,173.62311781169902,24.010978197686423,164.67776432949458
200,mg3,0,7.10119839853013,0.0019400622672349325,0.003807217513918894,0.00010577255177569855,0.480405644953968,0.031973579663092125,0.4972948436003989,2.250404244242385,1.1595322170115028
201,mg3,1,6.880310597236196,0.00038425004111789743,0.0029755274548811726,0.0014484321986656546,3.384278720855873,0.1999634365315856,3.119008218329049,2.238494007216078,1.9411955975210529
202,mg3,2,6.781993943094979,0.0007593124099044935,0.0036607457028806473,0.0007575713717801538,2.4124146979542793,0.19581766574583537,2.415475553065797,2.2148210807171647,1.6872684984779223
203,mg3,3,7.934350129038567,4.6082040550833243e-05,0.004727358335232307,0.0015264926631359595,5.800622600881391,0.14593923994729938,5.3427806597622665,2.403196498024775,2.7471417946669203
204,mg3,4,7.067858414980845,0.0002626333127241587,0.0030428017735353577,2.6974053705769903e-05,3.2180874272508126,0.012049277249214927,3.180037036486445,2.240444848911476,1.9259092235867548
205,mg3,5,6.505681240722317,0.0003797681963469383,0.0030523512285022467,8.68421239751223e-05,1.6208735278702187,0.06460301364661729,1.6196518258142307,2.1758529066207286,1.4020469385146013
206,mg3,6,6.225041170046488,0.00016429484927967718,0.0032138232274320487,1.7852321187924894e-05,0.5993689198125827,0.08591605792159406,0.603960084428207,2.1062380552160587,1.0739546003723959
207,mg3,7,6.351644095883734,0.0027662243217674203,0.002862434760000145,7.507725287470747e-05,0.5597637251461741,0.4263389814862156,0.5621848764870132,2.182076212208685,1.1293764879053971
208,mg3,8,6.600682647173678,0.00025034177345609004,0.0041993766670747725,8.262659123399388e-05,2.703852131072437,0.41612700408060094,3.0397644051485875,2.185899045503965,1.823565504643867
209,mg3,9,6.805569539711979,0.0005251331294137859,0.004780360913345836,5.850002114335693e-07,1.3435887288666835,0.4086829112442249,1.404798956912988,2.222122063045238,1.4239923165398352
210,mg3,10,6.895501509279187,0.001153313260469212,0.003210805568177072,0.0003596532455918343,0.8283728629587384,0.031610751805512226,0.8012071880934556,2.2431130217114186,1.2230594406015902
211,mg3,11,6.815449004038411,0.0017213624520217722,0.0032006753028373273,2.5569857254438932e-05,0.8647659861396771,0.003026005938887387,0.8693843178385383,2.2228453348664163,1.222510417366804
212,mg3,12,6.8830111543439845,0.002231018592570565,0.0033449111555197177,0.00017987020892458182,0.5519314777406245,0.09500509483150703,0.6234690699814256,2.2590291473702244,1.1655960852649367
213,mg3,13,6.79381949762924,0.0005656574238456565,0.0035447004979099746,0.00010827512714888241,1.3697930499978448,0.011286294469814027,1.34133176268215,2.232148540068966,1.3600641768325648
214,mg3,14,6.572729956455154,0.002050780102637859,0.0032697612152934683,6.294171772683592e-05,0.6746440209575686,0.004065867894030319,0.6745448400670448,2.150588087139569,1.1330525954870652
215,mg3,15,5.826675265360332,0.00023344139907230304,0.004148188037164754,3.0411973021615822e-05,0.6767212008374268,0.2825247274768058,0.9444421950513511,2.0710277384226874,1.104967918590739
216,mg3,16,6.839934413520856,0.0029662737529941637,0.003379688108269004,3.804590752373855e-05,0.6409020844156736,0.057432218695286856,0.6928792147467937,2.1831760568198915,1.1767902770210568
217,mg3,17,7.1370771093845695,2.4736841583236515e-05,0.0029332993222520687,4.081755922048052e-05,3.2045343024219375,0.01193750224284909,3.149986541903118,2.2775131474453874,1.9295049013822185
218,mg3,18,6.08379851343632,0.0006345573568526768,0.0027761327288666495,1.9008443162460846e-06,1.0397502845454407,0.001160991168590343,1.0385321059459025,2.067923167375487,1.166664926575184
219,mg3,19,7.01060335247574,0.000695626412164799,0.0030916760325495436,0.00013369258673725048,0.8917934698844587,0.23989363050917129,0.9509840638376746,2.241254284845551,1.2995993588197852
220,mg3,20,7.169516416710193,5.661686915128333e-05,0.0028960980305951832,0.0017873383387676865,4.1313776004778004,0.19971151645490548,3.7592644670045265,2.2670708693892947,2.1806585791265625
221,mg3,21,6.794589148040218,4.340381013590618e-05,0.003671054986485134,0.0013856505453440197,4.523095164529652,0.08916992254792432,4.14373973347811,2.194763004044681,2.2222420111339813
222,mg3,22,6.7474203655850875,0.0008939866113451821,0.0041721414920373795,0.0002592084616165491,1.1529801042213197,0.021567660636048716,1.1207770203219483,2.1877404077937244,1.2925814981899149
223,mg3,23,7.169785581392716,5.462875692408332e-05,0.0031653861192576195,2.6763535569843283e-05,3.6864768431847637,0.015432302376997682,3.648178851722313,2.300467551755395,2.074731479584077
224,mg3,24,6.365726981398962,0.0003386490172660692,0.0029138033855776956,6.913943370397596e-06,1.0895615412029815,0.00858983652160346,1.0833951242398565,2.1465724222152094,1.2215046928156599
225,mg3,25,6.954356307529344,0.0026917874341845375,0.0033082244258503283,3.542193648342572e-05,0.9460249193760566,0.018445224775080052,0.9636937720192403,2.2366824228111666,1.2697936653566055
226,mg3,26,6.698325054979918,2.505706865802159e-05,0.0027926169430286542,0.0006405535367956137,4.125318983106281,0.23109645259778527,3.9061254059562915,2.17610275142644,2.137760589169823
227,mg3,27,6.2657132144633945,0.0012843418416760264,0.003463487092101992,0.0003525304100751728,1.0632564559029676,0.020497693034258222,1.0268998262702886,2.128709606168522,1.1973525070021087
228,mg3,28,7.220824464021641,2.268292959576871e-05,0.0028451995669094075,0.00011068295279153314,5.753122968806252,0.0198838808648941,5.600251631728069,2.282631393182324,2.6567230729814506
229,mg3,29,6.677386952389608,0.0004410221297444616,0.0031071837079786786,1.6902838702842892e-05,1.0458408310722818,0.01785230653363368,1.0521608865835446,2.215109820059528,1.256686583607928
230,mg3,30,6.7110365797282485,0.00037070238530555633,0.0033281948671560475,1.1000863611355365e-06,2.5048383655754107,0.3743646690864569,2.50198559719793,2.2324202236235946,1.7279893155609813
231,mg3,31,6.8216699031514105,0.00013819757733320067,0.0031353191382491137,0.00010739704759844293,0.9712604816874947,0.029272276942246617,0.9567154914781841,2.1893239986615964,1.254614152431788
232,mg3,32,6.975017955422315,0.00011783623909744474,0.0034491733646743517,0.0001927513037880704,1.707928391675984,0.032430123446093924,1.6601833090899245,2.2650334517370916,1.4827599343631253
233,mg3,33,7.7952083965605095,0.00023885692727452663,0.004251239339955231,0.00023291153684799461,3.2848396024086073,0.07407955982075332,3.209366405845999,2.319962787817475,2.052602424634278
234,mg3,34,6.476355015401623,0.0001289864939674641,0.0025665132533963767,4.751325226883803e-05,2.8803155370721685,0.020466569941823335,2.8287933257114917,2.1617760602071523,1.7440962087323915
235,mg3,35,6.004928529691719,0.00010438921917842193,0.0029587110242403256,3.48334695504198e-05,3.7099921638444693,0.020090280351734508,3.6676165459972925,2.0881480377456456,1.9151036362283123
236,mg3,36,6.416942032019071,0.0010708977486896696,0.0030361499855001577,6.932124566513131e-06,1.35916442156107,0.0010764509456045058,1.3584374168558173,2.196238825252999,1.3056763287486173
237,mg3,37,6.797141489456437,0.0011482870235645574,0.003128477069369245,0.0003762849436693349,0.8858705277930027,0.04801471920919917,0.8846554115357339,2.2495996351726615,1.2314764567187109
238,mg3,38,6.294236994567821,0.002615239407446131,0.0032935917267466726,2.6993850600021e-05,0.5559954623258757,0.007557325056729119,0.5601149896676194,2.1326813798020914,1.0605486566575484
239,mg3,39,7.946193545119806,6.276286178139727e-05,0.003139194210607961,0.0009362244392097779,2.5147468667482684,1.5480908891553715,3.4077237881069977,2.3581885665369238,2.202984752948863
240,mg3,40,6.608794727835843,0.0005945319003552573,0.004056182832918176,0.00011064056234137732,2.6627999497003865,0.09077630041957617,2.6713449057448826,2.2008229464898195,1.7197824627137575
241,mg3,41,7.146478285642832,2.0034425337586222e-05,0.0032013079077232815,3.19976621036236e-05,3.6557042577938375,0.13461636386142484,3.617733681215548,2.2607742224725644,2.0796837040726865
242,mg3,42,6.923612534972429,0.0010495487617872567,0.003592393056971545,7.008537492461087e-06,1.756648245712895,0.014064121142866707,1.7686232051357742,2.2444323998204365,1.4953710081886025
243,mg3,43,6.6424853316491,0.0008642259999701507,0.003503147583498748,2.9759724182671313e-05,0.6590243532242714,0.014780089036798033,0.676078500050677,2.2078250235913286,1.142395058181214
244,mg3,44,6.873025917977951,0.00015993063300496295,0.002930031151725968,3.363805127003992e-05,3.3580211860552307,0.004409970600161069,3.3046001870920954,2.2290796364113614,1.9347401230802055
245,mg3,45,6.573728248615043,0.0004148007344368969,0.003180110751419723,2.5111719424598303e-06,1.6436513817247613,0.03277239759574652,1.6452901120729242,2.224431505235736,1.414148508952325
246,mg3,46,5.691611201069813,0.000607331793630483,0.0030320039000500763,0.00011384452743242566,0.4773000595270491,0.08951928331977195,0.5496064498681337,2.026415765103828,0.9731128820008401
247,mg3,47,6.686828958176307,0.003210814949847889,0.003427734992536343,3.46160864957155e-05,0.5653939409429996,0.007536342219243874,0.5754668081940721,2.1886957474371056,1.1202713165087863
248,mg3,48,6.239881000198863,0.00012073019213419827,0.0031342311330406353,8.170541911739215e-05,1.0683255989231064,0.012141602173120917,1.0761115427926868,2.125032206156302,1.1999709158331526
249,mg3,49,6.470417718525406,0.0012686668721693618,0.002983194949941783,4.909344727184221e-05,0.7465443276501814,0.008526460922979878,0.7495977373326353,2.167874691041895,1.1399124571000836
250,mg3,50,6.306862236321115,0.0009631414598219956,0.0033792271942201754,7.558296740418623e-05,0.4443411187144942,0.052322964697993496,0.4548740717650058,2.1510253659500527,1.0375454775885793
251,mg3,51,6.911056777289083,0.0005473765945168742,0.0030612061522943715,1.3475279859898863e-05,2.222305831783458,0.0019255867337847482,2.199130752907367,2.2019538746179768,1.619720143820052
252,mg3,52,6.917340326847183,5.601816090346402e-06,0.0031276172895979993,0.0016112913631130636,4.0046893188054415,0.43457231060661683,3.9531445719544163,2.20151072150488,2.187784434097494
253,mg3,53,6.7651237203470735,5.2188897559603e-05,0.003354361999039442,1.3399756157558284e-05,3.923630777783821,0.04448554942940029,3.927264980580199,2.242315316027366,2.094846425541893
254,mg3,54,6.8755950253034275,1.0954868404819972e-06,0.0040677610969355165,2.9730127544229312e-06,6.659631805164369,0.46415624063992267,7.088370028265653,2.2248009604534538,3.0131178469957005
255,mg3,55,6.610294352551502,0.0005042371087813055,0.0028810402563904224,4.496008064520577e-05,2.369904672398839,0.09670508211386702,2.36216617601978,2.189454021485916,1.6346429315042579
256,mg3,56,6.57540188616853,0.0008408190944896132,0.003262344798235538,4.226181998842421e-05,2.097995120175707,0.003566595789529646,2.0809498909673265,2.198172201731745,1.5374369884019725
257,mg3,57,7.5637175381502635,0.00011674520271776877,0.0036924814792815533,3.7174778262930636e-05,3.995954065333147,0.06416347666904398,3.9883525667133273,2.3247695961531,2.230862006903721
258,mg3,58,7.106644240691601,0.0002656313013358426,0.0030475730139415784,7.972402049742434e-06,2.017981166658047,0.14598150350866282,2.094928915632559,2.2313606209553356,1.6241224290297427
259,mg3,59,6.91204126950787,0.0018669016653581727,0.0034391494159414977,0.00030800988146012785,0.8951916400425058,0.014267548601816896,0.8634424578296446,2.1957727732075094,1.241508139563514
260,mg3,60,7.2833861552813985,0.0002133972411193586,0.003120134914222234,1.5693360500297325e-05,2.3738804694215174,0.002651809770139805,2.347889157264301,2.250314955078832,1.7158795453218854
261,mg3,61,6.568902992677144,0.00025642246931173684,0.0030697176756342066,0.0004247811297539156,1.2161355148885187,0.018906452666110744,1.163582793124953,2.1696482272916744,1.281611239233061
262,mg3,62,6.430027653058507,0.002232186294427138,0.0032690840120191437,1.2557230784159251e-05,0.8011717113246695,0.02558773486206763,0.8102295649670382,2.1478336674384417,1.1532186416785017
263,mg3,63,6.73464365669074,0.00023082569549925545,0.0029045363199004352,2.690006859334283e-05,2.614838649764974,0.003301593845061511,2.5766193828254065,2.2150836822672244,1.7046522207443104
264,mg3,64,7.359856736962691,0.002349705358390036,0.004168159179807058,8.741801682263416e-05,0.7219330776199672,0.4107356834734089,1.1031100704563557,2.2985220650896108,1.3717486930096345
265,mg3,65,6.712631619977945,0.0006758235986158003,0.002978311684264839,4.25670848779546e-05,1.0513419931576842,0.1640294330860648,1.050867195736691,2.208333467352408,1.2832238491894492
266,mg3,66,6.777835176659913,0.0004596900906474999,0.0036317064428269433,0.00010167971371902217,1.4844548741265988,0.03802966107343382,1.4796317301329849,2.2192810438944477,1.3977349311771605
267,mg3,67,6.216654433642393,0.00029053781544655034,0.0029446676737550654,4.7432128835620945e-06,2.632043274863999,0.017271928193628317,2.6331069702910117,2.1345462306206726,1.6431880793847309
268,mg3,68,6.793001289936576,6.25429550534382e-05,0.004689299597276304,0.00011263873237249558,3.098660872701061,0.09982832460675063,3.0139451378762447,2.1816613568375347,1.858614300915048
269,mg3,69,7.11907676579501,9.228619072686326e-05,0.00350953191185839,4.518106637121326e-05,4.813486583241729,0.05529380722195694,4.775500286214238,2.275434735020109,2.3952863488059846
270,mg3,70,6.382389608748991,0.0001119068712258267,0.0030421761844024184,4.755583308099517e-05,0.7668856598069907,0.4830148327821322,1.2260426242192048,2.186770719331509,1.2659334806351468
271,mg3,71,6.549236481407118,0.00045688056769229937,0.0030600028667506674,0.000291788384638967,0.8632617376424959,0.021234890713676523,0.8435343861676576,2.208769027061266,1.1830108811071474
272,mg3,72,7.180065718869281,9.79475703937998e-05,0.004060631489714639,0.00044799478267522433,5.192997544680023,0.020424398399100582,4.90168266197842,2.2484321796393534,2.4713966996813723
273,mg3,73,6.180402372768715,0.0007930275407510965,0.0030329246127579093,3.560368557972857e-05,0.5177748772814742,0.06193123282664337,0.5641664544833812,2.1436902279831433,1.0468766418856146
274,mg3,74,6.958931871329682,1.8795541210197156e-06,0.002920022530887218,0.0008097342759939719,5.603626804832514,0.15972885268310683,5.211669816334952,2.183790456547836,2.5625269973630367
275,mg3,75,6.222421033696015,0.0009910410610685153,0.0032506518633437266,0.00013223499525671082,0.6168957477187267,0.05803243996721482,0.6525398598311575,2.1172359713521334,1.0791804298761118
276,mg3,76,6.8478787251960584,0.0016356886797634434,0.0035296078884539165,1.5949536482069458e-05,0.6435378633947432,0.0039093110384982,0.6544000952751515,2.237173770009291,1.164986748715593
277,mg3,77,6.714205422873353,0.0005053809174404156,0.0031028219607069285,4.4750495294800436e-05,0.8146424430101141,0.015268789796718755,0.8184894741875833,2.204740831687007,1.1951798690344586
278,mg3,78,7.294923493004343,0.00034836933947474065,0.004107577489004651,0.0002423906270359889,1.4761677835182179,0.9301672596504875,2.2988637810611814,2.2711984272459547,1.7149743792413918
279,mg3,79,6.4880849900867545,0.0005035940466101783,0.0030012492794270714,8.049160995640287e-07,1.6204231912770342,0.0012859921556569866,1.617148559086537,2.1788044104128566,1.3900640544068743
280,mg3,80,6.3099368772282745,0.00013115028702662118,0.002716604083370315,5.04524534014824e-05,3.6442583998386944,0.00446029537385914,3.57479441902566,2.1339616335328166,1.933764028327184
281,mg3,81,6.694854347845269,0.00046960450303778307,0.0033805324924478532,0.0005949359729414936,1.6512067989909394,0.0952398090125892,1.6298712759672422,2.1957862462822693,1.4393739006834954
282,mg3,82,6.634687349764214,4.341394346560383e-08,0.0033791676258885504,5.9632424842491334e-05,6.457402927521051,0.05712335220521467,6.366740881998225,2.1762393265647897,2.7884847649933397
283,mg3,83,6.035044615800344,0.0006484330788235945,0.002945535153565894,1.2936173441176095e-05,2.1542583381098046,0.025662580916599523,2.133052142586839,2.110849146202911,1.4788035116884881
284,mg3,84,6.197504005672975,0.0003211314827139912,0.0032987967375627835,0.0001005492021335429,1.2417063816623999,0.02915307574377283,1.232950877704568,2.127905389536976,1.243576402600875
285,mg3,85,6.869270430260675,3.9010205137912895e-06,0.003218263391155626,0.000772325427946514,6.527842480405935,0.1694665937695358,6.146989666584646,2.1980176737397605,2.816794808694344
286,mg3,86,5.9512734230878905,0.001263092430548028,0.003092465651691745,4.7205939603303596e-05,0.7017447237258638,0.03362406563641693,0.7180013186549157,2.0851364160165877,1.058435185018133
287,mg3,87,6.758792671072591,0.000713016180023362,0.003390043127977129,9.644151520872123e-05,0.9207520557263349,0.01403920229369117,0.9202466208828314,2.2455228281868385,1.231147150114094
288,mg3,88,6.603674949864869,0.0017961914819499465,0.0028653472893433074,9.606815187567125e-05,0.9497995709962771,0.019285501670612645,0.939699668748956,2.1584300184075933,1.2167453283148404
289,mg3,89,6.555724281031195,0.0014980093246549277,0.0032532607720934963,5.222183951012778e-05,0.34183864060371133,0.01336715611370521,0.351211336012336,2.1874930597153917,1.0381349865281726
290,mg3,90,6.0660226096324426,0.00018980680137962013,0.002770153234066345,7.419325964494078e-06,2.3921756321713574,0.02121880624475306,2.3839834450422543,2.0915033503709126,1.5523382674931738
291,mg3,91,6.561134438298526,0.00015127687022528974,0.003029412178768693,1.52775907254247e-05,2.0782753704706027,0.005410812501510289,2.059631742763343,2.159728735273279,1.5296640472391003
292,mg3,92,5.954427622652735,0.001885689780365565,0.0036381063586157867,2.251060437924358e-05,0.35634048412861913,0.02127171906622175,0.3648759914676922,2.0925596611766046,0.9574945891512329
293,mg3,93,6.727130167993235,9.683575116226121e-05,0.0032310960111630502,1.4328839671514328e-05,2.3358022210526492,0.007171578466622377,2.3183971021381895,2.2416749410182324,1.6274061900360988
294,mg3,94,6.367370905822945,0.0001592631626587018,0.0033511579203269666,0.00011062418066791165,1.4931117542167827,0.04355579144897529,1.491375065046235,2.1590043788094366,1.3427192231140845
295,mg3,95,6.432803481053341,0.0003351723635971224,0.0032192348237755643,0.00017469953190873342,0.5651133792890821,0.011205307793290587,0.5617284972727778,2.1447212775530025,1.0820828245896819
296,mg3,96,6.8597078042229835,0.0003709188066068402,0.002863778974256434,0.00025223234377012887,1.32608908651105,0.06811876244571752,1.2844108814050212,2.206368699730422,1.3631162092442006
297,mg3,97,6.480612808532898,0.0011905949451832278,0.002900271261056806,2.7483512077531285e-05,1.6986050169329399,0.01775234270670633,1.6795683587142078,2.1704792353697986,1.4115224109435813
298,mg3,98,6.598618348629444,0.0034283977645153917,0.0030463589602014,8.014952585977331e-05,0.4873204401363925,0.006406279495201247,0.4975845765191062,2.147400607125079,1.0852120787186743
299,mg3,99,6.517183473574893,1.697573720732854e-05,0.003154943503537959,3.489065276835202e-05,5.092551201790225,0.16253325270972427,5.1658509745553305,2.1669982215098265,2.4201893875033837
